"lemma","tipatranslemma","translemma","lemma_freq","gloss","form","stressed_syll","monosyll","case","number","short_cluster","full_cluster","noep","ep","first","second","first_transcribed","noep_prop","cluster_size","first_stressed","second_transcribed","last","transcribed","first_sonority","last_sonority","last_class","second_class","second_class_simple","first_class","interesting","prep","tokens","prop","cilower","ciupper","both_sim1","both_sim2","both_either","place_sim1","place_sim2","place_either","hybrid_sim1","hybrid_sim2","hybrid_either","sim1","sim2","either","X"
"благо","bl\'ag@","blago",11163,"good","бла'го","1",FALSE,"acc","sg","бл","бл",17,258,"b","l","b",0.0618181818181818,"2","TRUE","l","l","bl",1,5,"glide","glide","sonorant","voiced_stop",TRUE,"v",275,0.938181818181818,0.902866231005971,0.963579729708016,FALSE,FALSE,FALSE,TRUE,FALSE,TRUE,TRUE,FALSE,TRUE,TRUE,FALSE,TRUE,1
"благо","bl\'ag@","blago",11163,"good","бла'гу","1",FALSE,"dat","sg","бл","бл",87,92,"b","l","b",0.486033519553073,"2","TRUE","l","l","bl",1,5,"glide","glide","sonorant","voiced_stop",TRUE,"k",179,0.513966480446927,0.438256895490755,0.589205912706379,FALSE,FALSE,FALSE,FALSE,FALSE,FALSE,FALSE,FALSE,FALSE,FALSE,FALSE,FALSE,2
"взвод","vzv\'ot","vzvod",4308,"platoon","взво'дом","1",FALSE,"inst","sg","вз","взв",6,58,"v","z","v",0.09375,"3","TRUE","z","v","vzv",5,5,"glide","strident","strident","glide",TRUE,"s",64,0.90625,0.807030895551656,0.964812667129182,FALSE,TRUE,TRUE,FALSE,FALSE,FALSE,FALSE,TRUE,TRUE,FALSE,TRUE,TRUE,3
"взгляд","vzgl\super j\'at","vzgljad",52915,"view","взгля'дам","1",FALSE,"dat","pl","вз","взгл",21,7,"v","z","v",0.75,"4","TRUE","z","l","vzgl",5,5,"glide","strident","strident","glide",TRUE,"k",28,0.25,0.106907991829227,0.448715451528608,FALSE,FALSE,FALSE,FALSE,FALSE,FALSE,FALSE,FALSE,FALSE,FALSE,FALSE,FALSE,4
"взгляд","vzgl\super j\'at","vzgljad",52915,"view","взгля'дами","1",FALSE,"inst","pl","вз","взгл",16,90,"v","z","v",0.150943396226415,"4","TRUE","z","l","vzgl",5,5,"glide","strident","strident","glide",TRUE,"s",106,0.849056603773585,0.76648030573897,0.911190398408555,FALSE,TRUE,TRUE,FALSE,FALSE,FALSE,FALSE,TRUE,TRUE,FALSE,TRUE,TRUE,5
"взгляд","vzgl\super j\'at","vzgljad",52915,"view","взгля'дом","1",FALSE,"inst","sg","вз","взгл",25,112,"v","z","v",0.182481751824818,"4","TRUE","z","l","vzgl",5,5,"glide","strident","strident","glide",TRUE,"s",137,0.817518248175182,0.742518427588635,0.878288073829386,FALSE,TRUE,TRUE,FALSE,FALSE,FALSE,FALSE,TRUE,TRUE,FALSE,TRUE,TRUE,6
"вздох","vzd\'ox","vzdox",4841,"sigh","вздо'хами","1",FALSE,"inst","pl","вз","взд",1,32,"v","z","v",0.0303030303030303,"3","TRUE","z","d","vzd",5,1,"voiced_stop","strident","strident","glide",TRUE,"s",33,0.96969696969697,0.842406027727503,0.999233087924952,FALSE,TRUE,TRUE,FALSE,FALSE,FALSE,FALSE,TRUE,TRUE,FALSE,TRUE,TRUE,7
"вздох","vzd\'ox","vzdox",4841,"sigh","вздо'хом","1",FALSE,"inst","sg","вз","взд",7,1363,"v","z","v",0.00510948905109489,"3","TRUE","z","d","vzd",5,1,"voiced_stop","strident","strident","glide",TRUE,"s",1370,0.994890510948905,0.989501000485922,0.997943326983332,FALSE,TRUE,TRUE,FALSE,FALSE,FALSE,FALSE,TRUE,TRUE,FALSE,TRUE,TRUE,NA
"взор","vz\'or","vzor",8079,"gaze","взо'ром","1",FALSE,"inst","sg","вз","вз",3,32,"v","z","v",0.0857142857142857,"2","TRUE","z","z","vz",5,3,"strident","strident","strident","glide",TRUE,"s",35,0.914285714285714,0.769424981341123,0.981962360185783,FALSE,TRUE,TRUE,FALSE,FALSE,FALSE,FALSE,TRUE,TRUE,FALSE,TRUE,TRUE,8
"взрослый","vzr\'osl1j","vzroslyj",12467,"adult","взро'слым","1",FALSE,"dat","pl","вз","взр",50,16,"v","z","v",0.757575757575758,"3","TRUE","z","r","vzr",5,5,"glide","strident","strident","glide",TRUE,"k",66,0.242424242424242,0.145368326498146,0.363611192337716,FALSE,FALSE,FALSE,FALSE,FALSE,FALSE,FALSE,FALSE,FALSE,FALSE,FALSE,FALSE,9
"взрослый","vzr\'osl1j","vzroslyj",12467,"adult","взро'слым","1",FALSE,"inst","sg","вз","взр",10,96,"v","z","v",0.0943396226415094,"3","TRUE","z","r","vzr",5,5,"glide","strident","strident","glide",TRUE,"s",106,0.905660377358491,0.833343618545836,0.953827536877323,FALSE,TRUE,TRUE,FALSE,FALSE,FALSE,FALSE,TRUE,TRUE,FALSE,TRUE,TRUE,11
"взрослый","vzr\'osl1j","vzroslyj",12467,"adult","взро'слыми","1",FALSE,"inst","pl","вз","взр",17,236,"v","z","v",0.0671936758893281,"3","TRUE","z","r","vzr",5,5,"glide","strident","strident","glide",TRUE,"s",253,0.932806324110672,0.894594504782213,0.96037306708295,FALSE,TRUE,TRUE,FALSE,FALSE,FALSE,FALSE,TRUE,TRUE,FALSE,TRUE,TRUE,10
"взрыв","vzr\'{\ipabar{\i}{.5ex}{1.1}{}{}}f","vzryv",8852,"explosion","взры'вам","1",FALSE,"dat","pl","вз","взр",28,5,"v","z","v",0.848484848484849,"3","TRUE","z","r","vzr",5,5,"glide","strident","strident","glide",TRUE,"k",33,0.151515151515152,0.0510886993560813,0.318989819710436,FALSE,FALSE,FALSE,FALSE,FALSE,FALSE,FALSE,FALSE,FALSE,FALSE,FALSE,FALSE,12
"взрыв","vzr\'{\ipabar{\i}{.5ex}{1.1}{}{}}f","vzryv",8852,"explosion","взры'вами","1",FALSE,"inst","pl","вз","взр",2,23,"v","z","v",0.08,"3","TRUE","z","r","vzr",5,5,"glide","strident","strident","glide",TRUE,"s",25,0.92,0.739694157894786,0.990160409981202,FALSE,TRUE,TRUE,FALSE,FALSE,FALSE,FALSE,TRUE,TRUE,FALSE,TRUE,TRUE,13
"взрыв","vzr\'{\ipabar{\i}{.5ex}{1.1}{}{}}f","vzryv",8852,"explosion","взры'вом","1",FALSE,"inst","sg","вз","взр",6,40,"v","z","v",0.130434782608696,"3","TRUE","z","r","vzr",5,5,"glide","strident","strident","glide",TRUE,"s",46,0.869565217391304,0.737434983812373,0.95059265342629,FALSE,TRUE,TRUE,FALSE,FALSE,FALSE,FALSE,TRUE,TRUE,FALSE,TRUE,TRUE,14
"взятие","vz\super j\'atii","vzjatie",1963,"taking","взя'тием","1",FALSE,"inst","sg","вз","вз",2,31,"v","z","v",0.0606060606060606,"2","TRUE","z","z","vz",5,3,"strident","strident","strident","glide",TRUE,"s",33,0.939393939393939,0.797735687473645,0.99257416225774,FALSE,TRUE,TRUE,FALSE,FALSE,FALSE,FALSE,TRUE,TRUE,FALSE,TRUE,TRUE,15
"взяток","vz\super j\'at@k","vzjatok",2860,"bribes","взя'тками","1",FALSE,"inst","pl","вз","вз",0,24,"v","z","v",0,"2","TRUE","z","z","vz",5,3,"strident","strident","strident","glide",TRUE,"s",24,1,0.857526402277474,1,FALSE,TRUE,TRUE,FALSE,FALSE,FALSE,FALSE,TRUE,TRUE,FALSE,TRUE,TRUE,16
"включение","fkl\super ju\t{tS}\'enii","vkljuchenie",2628,"inclusion","включе'нием","2",FALSE,"inst","sg","вк","вкл",98,47,"v","k","v",0.675862068965517,"3","FALSE","k","l","vkl",5,5,"glide","voiceless_stop","obstruent","glide",TRUE,"s",145,0.324137931034483,0.248837895304871,0.406793934309509,FALSE,FALSE,FALSE,FALSE,FALSE,FALSE,FALSE,FALSE,FALSE,FALSE,FALSE,FALSE,17
"вкус","fk\'us","vkus",13349,"taste","вку'сом","1",FALSE,"inst","sg","вк","вк",3,735,"v","k","v",0.0040650406504065,"2","TRUE","k","k","vk",5,0,"voiceless_stop","voiceless_stop","obstruent","glide",TRUE,"s",738,0.995934959349594,0.988166565745672,0.999160905071278,FALSE,FALSE,FALSE,FALSE,FALSE,FALSE,FALSE,FALSE,FALSE,FALSE,FALSE,FALSE,18
"внимание","vnim\'anii","vnimanie",49696,"attention","внима'нием","2",FALSE,"inst","sg","вн","вн",88,348,"v","n","v",0.201834862385321,"2","FALSE","n","n","vn",5,4,"nasal","nasal","sonorant","glide",TRUE,"s",436,0.798165137614679,0.757373951631927,0.834854390627161,FALSE,FALSE,FALSE,FALSE,TRUE,TRUE,FALSE,FALSE,FALSE,FALSE,TRUE,TRUE,20
"внимание","vnim\'anii","vnimanie",49696,"attention","внима'нию","2",FALSE,"dat","sg","вн","вн",38,9,"v","n","v",0.808510638297872,"2","FALSE","n","n","vn",5,4,"nasal","nasal","sonorant","glide",TRUE,"k",47,0.191489361702128,0.09149156800819,0.332597336833885,FALSE,FALSE,FALSE,FALSE,FALSE,FALSE,FALSE,FALSE,FALSE,FALSE,FALSE,FALSE,19
"вред","vr\'et","vred",5542,"harm","вредо'м","2",FALSE,"inst","sg","вр","вр",12,14,"v","r","v",0.461538461538462,"2","FALSE","r","r","vr",5,5,"glide","glide","sonorant","glide",TRUE,"s",26,0.538461538461538,0.333708218475292,0.734128782577049,FALSE,FALSE,FALSE,FALSE,TRUE,TRUE,FALSE,FALSE,FALSE,FALSE,TRUE,TRUE,22
"вред","vr\'et","vred",5542,"harm","вреду'","2",FALSE,"dat","sg","вр","вр",4,75,"v","r","v",0.0506329113924051,"2","FALSE","r","r","vr",5,5,"glide","glide","sonorant","glide",TRUE,"k",79,0.949367088607595,0.875405201986384,0.986033882110784,FALSE,FALSE,FALSE,FALSE,FALSE,FALSE,FALSE,FALSE,FALSE,FALSE,FALSE,FALSE,21
"время","vr\'em\super ja","vremja",349141,"time","вре'менем","1",FALSE,"inst","sg","вр","вр",114,4351,"v","r","v",0.025531914893617,"2","TRUE","r","r","vr",5,5,"glide","glide","sonorant","glide",TRUE,"s",4465,0.974468085106383,0.969407550979974,0.978894232535268,FALSE,FALSE,FALSE,FALSE,TRUE,TRUE,FALSE,FALSE,FALSE,FALSE,TRUE,TRUE,NA
"время","vr\'em\super ja","vremja",349141,"time","вре'мени","1",FALSE,"dat","sg","вр","вр",47,1025,"v","r","v",0.0438432835820896,"2","TRUE","r","r","vr",5,5,"glide","glide","sonorant","glide",TRUE,"k",1072,0.95615671641791,0.942121677418177,0.967610691434561,FALSE,FALSE,FALSE,FALSE,FALSE,FALSE,FALSE,FALSE,FALSE,FALSE,FALSE,FALSE,NA
"время","vr\'em\super ja","vremja",349141,"time","вре'мени","1",FALSE,"gen","sg","вр","вр",3,1702,"v","r","v",0.00175953079178886,"2","TRUE","r","r","vr",5,5,"glide","glide","sonorant","glide",TRUE,"s",1705,0.998240469208211,0.994866594675619,0.99963699535935,FALSE,FALSE,FALSE,FALSE,TRUE,TRUE,FALSE,FALSE,FALSE,FALSE,TRUE,TRUE,NA
"время","vr\'em\super ja","vremja",349141,"time","времена'м","3",FALSE,"dat","pl","вр","вр",72,77,"v","r","v",0.483221476510067,"2","FALSE","r","r","vr",5,5,"glide","glide","sonorant","glide",TRUE,"k",149,0.516778523489933,0.433557074549994,0.599319575820882,FALSE,FALSE,FALSE,FALSE,FALSE,FALSE,FALSE,FALSE,FALSE,FALSE,FALSE,FALSE,23
"время","vr\'em\super ja","vremja",349141,"time","времена'ми","3",FALSE,"inst","pl","вр","вр",15,7,"v","r","v",0.681818181818182,"2","FALSE","r","r","vr",5,5,"glide","glide","sonorant","glide",TRUE,"s",22,0.318181818181818,0.138646521553798,0.54872442757377,FALSE,FALSE,FALSE,FALSE,TRUE,TRUE,FALSE,FALSE,FALSE,FALSE,TRUE,TRUE,24
"время","vr\'em\super ja","vremja",349141,"time","времён","2",FALSE,"gen","pl","вр","вр",25,1614,"v","r","v",0.0152532031726663,"2","FALSE","r","r","vr",5,5,"glide","glide","sonorant","glide",TRUE,"s",1639,0.984746796827334,0.977565136300274,0.990105246665351,FALSE,FALSE,FALSE,FALSE,TRUE,TRUE,FALSE,FALSE,FALSE,FALSE,TRUE,TRUE,NA
"встречный","fstr\'e\t{tS}n1j","vstrechnyj",4300,"counter","встре'чным","1",FALSE,"inst","sg","вс","встр",4,25,"v","s","v",0.137931034482759,"4","TRUE","s","r","vstr",5,5,"glide","strident","strident","glide",TRUE,"s",29,0.862068965517241,0.683359390560862,0.961105168704561,FALSE,TRUE,TRUE,FALSE,FALSE,FALSE,FALSE,TRUE,TRUE,FALSE,TRUE,TRUE,26
"встречный","fstr\'e\t{tS}n1j","vstrechnyj",4300,"counter","встре'чными","1",FALSE,"inst","pl","вс","встр",6,24,"v","s","v",0.2,"4","TRUE","s","r","vstr",5,5,"glide","strident","strident","glide",TRUE,"s",30,0.8,0.614333489003393,0.922864487998934,FALSE,TRUE,TRUE,FALSE,FALSE,FALSE,FALSE,TRUE,TRUE,FALSE,TRUE,TRUE,25
"вступление","fstupl\'enii","vstuplenie",4786,"entry","вступле'нием","2",FALSE,"inst","sg","вс","вст",73,126,"v","s","v",0.366834170854271,"3","FALSE","s","t","vst",5,0,"voiceless_stop","strident","strident","glide",TRUE,"s",199,0.633165829145729,0.562102526476116,0.700196660537819,FALSE,TRUE,TRUE,FALSE,FALSE,FALSE,FALSE,TRUE,TRUE,FALSE,TRUE,TRUE,29
"вступление","fstupl\'enii","vstuplenie",4786,"entry","вступле'нию","2",FALSE,"dat","sg","вс","вст",82,13,"v","s","v",0.863157894736842,"3","FALSE","s","t","vst",5,0,"voiceless_stop","strident","strident","glide",TRUE,"k",95,0.136842105263158,0.0749224653336762,0.222631249217361,FALSE,FALSE,FALSE,FALSE,FALSE,FALSE,FALSE,FALSE,FALSE,FALSE,FALSE,FALSE,27
"вступление","fstupl\'enii","vstuplenie",4786,"entry","вступле'ния","2",FALSE,"gen","sg","вс","вст",4,20,"v","s","v",0.166666666666667,"3","FALSE","s","t","vst",5,0,"voiceless_stop","strident","strident","glide",TRUE,"s",24,0.833333333333333,0.626158286511317,0.952646373392743,FALSE,TRUE,TRUE,FALSE,FALSE,FALSE,FALSE,TRUE,TRUE,FALSE,TRUE,TRUE,28
"вторник","ft\'ornik","vtornik",3272,"Tuesday","вто'рника","1",FALSE,"gen","sg","вт","вт",1,49,"v","t","v",0.02,"2","TRUE","t","t","vt",5,0,"voiceless_stop","voiceless_stop","obstruent","glide",TRUE,"s",50,0.98,0.8935304542885,0.999493772016959,FALSE,FALSE,FALSE,FALSE,TRUE,TRUE,FALSE,FALSE,FALSE,FALSE,TRUE,TRUE,30
"вход","fx\'ot","vxod",10375,"login","вхо'дом","1",FALSE,"inst","sg","вх","вх",19,33,"v","x","v",0.365384615384615,"2","TRUE","x","x","vx",5,2,"voiceless_fricative","voiceless_fricative","obstruent","glide",TRUE,"s",52,0.634615384615385,0.489558956311425,0.763756388957288,FALSE,FALSE,FALSE,FALSE,FALSE,FALSE,FALSE,FALSE,FALSE,FALSE,FALSE,FALSE,32
"вход","fx\'ot","vxod",10375,"login","вхо'ду","1",FALSE,"dat","sg","вх","вх",104,158,"v","x","v",0.396946564885496,"2","TRUE","x","x","vx",5,2,"voiceless_fricative","voiceless_fricative","obstruent","glide",TRUE,"k",262,0.603053435114504,0.541009226590676,0.662738442281123,FALSE,FALSE,FALSE,FALSE,TRUE,TRUE,FALSE,TRUE,TRUE,FALSE,TRUE,TRUE,31
"гнев","gn\'ef","gnev",7287,"anger","гне'в","1",TRUE,"acc","sg","гн","гн",64,37,"g","n","g",0.633663366336634,"2","TRUE","n","n","gn",1,4,"nasal","nasal","sonorant","voiced_stop",TRUE,"v",101,0.366336633663366,0.272664997532385,0.468068765597738,FALSE,FALSE,FALSE,FALSE,FALSE,FALSE,FALSE,FALSE,FALSE,FALSE,FALSE,FALSE,33
"гнев","gn\'ef","gnev",7287,"anger","гне'ве","1",FALSE,"prep","sg","гн","гн",383,91,"g","n","g",0.808016877637131,"2","TRUE","n","n","gn",1,4,"nasal","nasal","sonorant","voiced_stop",TRUE,"v",474,0.191983122362869,0.15748641489714,0.230375326881783,FALSE,FALSE,FALSE,FALSE,FALSE,FALSE,FALSE,FALSE,FALSE,FALSE,FALSE,FALSE,34
"град","gr\'at","grad",3979,"hail","гра'д","1",TRUE,"acc","sg","гр","гр",28,32,"g","r","g",0.466666666666667,"2","TRUE","r","r","gr",1,5,"glide","glide","sonorant","voiced_stop",TRUE,"v",60,0.533333333333333,0.399964902584302,0.663300863749548,FALSE,FALSE,FALSE,FALSE,FALSE,FALSE,FALSE,FALSE,FALSE,FALSE,FALSE,FALSE,35
"град","gr\'at","grad",3979,"hail","гра'де","1",FALSE,"prep","sg","гр","гр",31,60,"g","r","g",0.340659340659341,"2","TRUE","r","r","gr",1,5,"glide","glide","sonorant","voiced_stop",TRUE,"v",91,0.659340659340659,0.55250491234864,0.755483051377993,FALSE,FALSE,FALSE,FALSE,FALSE,FALSE,FALSE,FALSE,FALSE,FALSE,FALSE,FALSE,37
"град","gr\'at","grad",3979,"hail","гра'ду","1",FALSE,"dat","sg","гр","гр",10,19,"g","r","g",0.344827586206897,"2","TRUE","r","r","gr",1,5,"glide","glide","sonorant","voiced_stop",TRUE,"k",29,0.655172413793103,0.456694272332057,0.820616350764888,TRUE,FALSE,TRUE,FALSE,FALSE,FALSE,TRUE,FALSE,TRUE,TRUE,FALSE,TRUE,36
"грех","gr\'ex","grex",17017,"sin","гре'х","1",TRUE,"acc","sg","гр","гр",135,28,"g","r","g",0.828220858895706,"2","TRUE","r","r","gr",1,5,"glide","glide","sonorant","voiced_stop",TRUE,"v",163,0.171779141104294,0.117285151346266,0.23860889116197,FALSE,FALSE,FALSE,FALSE,FALSE,FALSE,FALSE,FALSE,FALSE,FALSE,FALSE,FALSE,38
"грех","gr\'ex","grex",17017,"sin","греха'х","2",FALSE,"prep","pl","гр","гр",144,60,"g","r","g",0.705882352941177,"2","FALSE","r","r","gr",1,5,"glide","glide","sonorant","voiced_stop",TRUE,"v",204,0.294117647058824,0.232552203531644,0.361778008052827,FALSE,FALSE,FALSE,FALSE,FALSE,FALSE,FALSE,FALSE,FALSE,FALSE,FALSE,FALSE,40
"грех","gr\'ex","grex",17017,"sin","грехе'","2",FALSE,"prep","sg","гр","гр",127,64,"g","r","g",0.664921465968586,"2","FALSE","r","r","gr",1,5,"glide","glide","sonorant","voiced_stop",TRUE,"v",191,0.335078534031414,0.268560250370463,0.406808344331265,FALSE,FALSE,FALSE,FALSE,FALSE,FALSE,FALSE,FALSE,FALSE,FALSE,FALSE,FALSE,41
"грех","gr\'ex","grex",17017,"sin","греху'","2",FALSE,"dat","sg","гр","гр",47,53,"g","r","g",0.47,"2","FALSE","r","r","gr",1,5,"glide","glide","sonorant","voiced_stop",TRUE,"k",100,0.53,0.427581484890045,0.630594835805605,TRUE,FALSE,TRUE,FALSE,FALSE,FALSE,TRUE,FALSE,TRUE,TRUE,FALSE,TRUE,39
"двор","dv\'or","dvor",41939,"yard","дво'р","1",TRUE,"acc","sg","дв","дв",22,3723,"d","v","d",0.00587449933244326,"2","TRUE","v","v","dv",1,5,"glide","glide","sonorant","voiced_stop",TRUE,"v",3745,0.994125500667557,0.991119370576782,0.996314929588992,FALSE,TRUE,TRUE,FALSE,FALSE,FALSE,FALSE,TRUE,TRUE,FALSE,TRUE,TRUE,NA
"двор","dv\'or","dvor",41939,"yard","двора'","2",FALSE,"gen","sg","дв","дв",40,1763,"d","v","d",0.0221852468108708,"2","FALSE","v","v","dv",1,5,"glide","glide","sonorant","voiced_stop",TRUE,"s",1803,0.977814753189129,0.969911526223268,0.984104364390471,FALSE,FALSE,FALSE,TRUE,FALSE,TRUE,FALSE,FALSE,FALSE,TRUE,FALSE,TRUE,NA
"двор","dv\'or","dvor",41939,"yard","двора'м","2",FALSE,"dat","pl","дв","дв",7,39,"d","v","d",0.152173913043478,"2","FALSE","v","v","dv",1,5,"glide","glide","sonorant","voiced_stop",TRUE,"k",46,0.847826086956522,0.711308995939951,0.936555701874953,FALSE,FALSE,FALSE,FALSE,FALSE,FALSE,FALSE,FALSE,FALSE,FALSE,FALSE,FALSE,43
"двор","dv\'or","dvor",41939,"yard","двора'х","2",FALSE,"prep","pl","дв","дв",9,276,"d","v","d",0.0315789473684211,"2","FALSE","v","v","dv",1,5,"glide","glide","sonorant","voiced_stop",TRUE,"v",285,0.968421052631579,0.940901759542145,0.985460407083855,FALSE,TRUE,TRUE,FALSE,FALSE,FALSE,FALSE,TRUE,TRUE,FALSE,TRUE,TRUE,47
"двор","dv\'or","dvor",41939,"yard","дворе'","2",FALSE,"prep","sg","дв","дв",22,4443,"d","v","d",0.00492721164613662,"2","FALSE","v","v","dv",1,5,"glide","glide","sonorant","voiced_stop",TRUE,"v",4465,0.995072788353863,0.992549591933351,0.996909644088371,FALSE,TRUE,TRUE,FALSE,FALSE,FALSE,FALSE,TRUE,TRUE,FALSE,TRUE,TRUE,NA
"двор","dv\'or","dvor",41939,"yard","дворо'в","2",FALSE,"gen","pl","дв","дв",12,30,"d","v","d",0.285714285714286,"2","FALSE","v","v","dv",1,5,"glide","glide","sonorant","voiced_stop",TRUE,"s",42,0.714285714285714,0.554161196692031,0.842808533234255,FALSE,FALSE,FALSE,TRUE,FALSE,TRUE,FALSE,FALSE,FALSE,TRUE,FALSE,TRUE,45
"двор","dv\'or","dvor",41939,"yard","дворо'м","2",FALSE,"inst","sg","дв","дв",55,21,"d","v","d",0.723684210526316,"2","FALSE","v","v","dv",1,5,"glide","glide","sonorant","voiced_stop",TRUE,"s",76,0.276315789473684,0.179872427557151,0.390857050783399,FALSE,FALSE,FALSE,TRUE,FALSE,TRUE,FALSE,FALSE,FALSE,TRUE,FALSE,TRUE,46
"двор","dv\'or","dvor",41939,"yard","двору'","2",FALSE,"dat","sg","дв","дв",370,640,"d","v","d",0.366336633663366,"2","FALSE","v","v","dv",1,5,"glide","glide","sonorant","voiced_stop",TRUE,"k",1010,0.633663366336634,0.603099275194621,0.663445731310349,FALSE,FALSE,FALSE,FALSE,FALSE,FALSE,FALSE,FALSE,FALSE,FALSE,FALSE,FALSE,44
"двор","dv\'or","dvor",41939,"yard","дворы'","2",FALSE,"acc","pl","дв","дв",3,71,"d","v","d",0.0405405405405405,"2","FALSE","v","v","dv",1,5,"glide","glide","sonorant","voiced_stop",TRUE,"v",74,0.959459459459459,0.886062743253437,0.991560243629236,FALSE,TRUE,TRUE,FALSE,FALSE,FALSE,FALSE,TRUE,TRUE,FALSE,TRUE,TRUE,42
"дворец","dvar\'e\t{ts}","dvorets",15180,"palace","дворе'ц","2",FALSE,"acc","sg","дв","дв",12,1249,"d","v","d",0.00951625693893735,"2","FALSE","v","v","dv",1,5,"glide","glide","sonorant","voiced_stop",TRUE,"v",1261,0.990483743061063,0.983436072185555,0.995073418359926,FALSE,TRUE,TRUE,FALSE,FALSE,FALSE,FALSE,TRUE,TRUE,FALSE,TRUE,TRUE,NA
"дворец","dvar\'e\t{ts}","dvorets",15180,"palace","дворца'х","2",FALSE,"prep","pl","дв","дв",15,75,"d","v","d",0.166666666666667,"2","FALSE","v","v","dv",1,5,"glide","glide","sonorant","voiced_stop",TRUE,"v",90,0.833333333333333,0.74004944639158,0.903608572410818,FALSE,TRUE,TRUE,FALSE,FALSE,FALSE,FALSE,TRUE,TRUE,FALSE,TRUE,TRUE,50
"дворец","dvar\'e\t{ts}","dvorets",15180,"palace","дворце'","2",FALSE,"prep","sg","дв","дв",20,1556,"d","v","d",0.0126903553299492,"2","FALSE","v","v","dv",1,5,"glide","glide","sonorant","voiced_stop",TRUE,"v",1576,0.987309644670051,0.980468526063915,0.992231639227471,FALSE,TRUE,TRUE,FALSE,FALSE,FALSE,FALSE,TRUE,TRUE,FALSE,TRUE,TRUE,NA
"дворец","dvar\'e\t{ts}","dvorets",15180,"palace","дворцу'","2",FALSE,"dat","sg","дв","дв",66,139,"d","v","d",0.321951219512195,"2","FALSE","v","v","dv",1,5,"glide","glide","sonorant","voiced_stop",TRUE,"k",205,0.678048780487805,0.609413427407386,0.741445394230444,FALSE,FALSE,FALSE,FALSE,FALSE,FALSE,FALSE,FALSE,FALSE,FALSE,FALSE,FALSE,49
"дворец","dvar\'e\t{ts}","dvorets",15180,"palace","дворцы'","2",FALSE,"acc","pl","дв","дв",5,16,"d","v","d",0.238095238095238,"2","FALSE","v","v","dv",1,5,"glide","glide","sonorant","voiced_stop",TRUE,"v",21,0.761904761904762,0.528340172345379,0.917824124406977,FALSE,TRUE,TRUE,FALSE,FALSE,FALSE,FALSE,TRUE,TRUE,FALSE,TRUE,TRUE,48
"дворик","dv\'orik","dvorik",1365,"patio","дво'рик","1",FALSE,"acc","sg","дв","дв",4,50,"d","v","d",0.0740740740740741,"2","TRUE","v","v","dv",1,5,"glide","glide","sonorant","voiced_stop",TRUE,"v",54,0.925925925925926,0.821066570833927,0.979449032701905,FALSE,TRUE,TRUE,FALSE,FALSE,FALSE,FALSE,TRUE,TRUE,FALSE,TRUE,TRUE,51
"дворик","dv\'orik","dvorik",1365,"patio","дво'рике","1",FALSE,"prep","sg","дв","дв",10,82,"d","v","d",0.108695652173913,"2","TRUE","v","v","dv",1,5,"glide","glide","sonorant","voiced_stop",TRUE,"v",92,0.891304347826087,0.80917666673289,0.946630060543069,FALSE,TRUE,TRUE,FALSE,FALSE,FALSE,FALSE,TRUE,TRUE,FALSE,TRUE,TRUE,52
"день","d\'en\super j (dn\super j-)","djenj",240587,"day","дне'й","1",TRUE,"gen","pl","дн","дн",17,11,"d","n","d",0.607142857142857,"2","TRUE","n","n","dn",1,4,"nasal","nasal","sonorant","voiced_stop",TRUE,"s",28,0.392857142857143,0.215042829160961,0.594231793512437,FALSE,FALSE,FALSE,TRUE,TRUE,TRUE,FALSE,FALSE,FALSE,TRUE,TRUE,TRUE,55
"день","d\'en\super j (dn\super j-)","djenj",240587,"day","дню'","1",TRUE,"dat","sg","дн","дн",109,461,"d","n","d",0.191228070175439,"2","TRUE","n","n","dn",1,4,"nasal","nasal","sonorant","voiced_stop",TRUE,"k",570,0.808771929824561,0.774040825054657,0.840264320584884,FALSE,FALSE,FALSE,FALSE,FALSE,FALSE,FALSE,FALSE,FALSE,FALSE,FALSE,FALSE,54
"день","d\'en\super j (dn\super j-)","djenj",240587,"day","дня'","1",TRUE,"gen","sg","дн","дн",18,3373,"d","n","d",0.00530816868180478,"2","TRUE","n","n","dn",1,4,"nasal","nasal","sonorant","voiced_stop",TRUE,"s",3391,0.994691831318195,0.991623731462918,0.996851099667707,FALSE,FALSE,FALSE,TRUE,TRUE,TRUE,FALSE,FALSE,FALSE,TRUE,TRUE,TRUE,NA
"день","d\'en\super j (dn\super j-)","djenj",240587,"day","дня'м","1",TRUE,"dat","pl","дн","дн",24,10,"d","n","d",0.705882352941177,"2","TRUE","n","n","dn",1,4,"nasal","nasal","sonorant","voiced_stop",TRUE,"k",34,0.294117647058824,0.150983664423028,0.474781060340486,FALSE,FALSE,FALSE,FALSE,FALSE,FALSE,FALSE,FALSE,FALSE,FALSE,FALSE,FALSE,53
"день","d\'en\super j (dn\super j-)","djenj",240587,"day","дня'ми","1",FALSE,"inst","pl","дн","дн",22,6,"d","n","d",0.785714285714286,"2","TRUE","n","n","dn",1,4,"nasal","nasal","sonorant","voiced_stop",TRUE,"s",28,0.214285714285714,0.0829606123876385,0.409531026505828,FALSE,FALSE,FALSE,TRUE,TRUE,TRUE,FALSE,FALSE,FALSE,TRUE,TRUE,TRUE,56
"день","d\'en\super j (dn\super j-)","djenj",240587,"day","днём","1",TRUE,"inst","sg","дн","дн",478,38,"d","n","d",0.926356589147287,"2","TRUE","n","n","dn",1,4,"nasal","nasal","sonorant","voiced_stop",TRUE,"s",516,0.0736434108527132,0.052638556594562,0.09968238267346,FALSE,FALSE,FALSE,TRUE,TRUE,TRUE,FALSE,FALSE,FALSE,TRUE,TRUE,TRUE,57
"дно","dn\'o","dno",15405,"bottom","дна'","1",TRUE,"gen","sg","дн","дн",4,820,"d","n","d",0.00485436893203883,"2","TRUE","n","n","dn",1,4,"nasal","nasal","sonorant","voiced_stop",TRUE,"s",824,0.995145631067961,0.987617893475517,0.998675811736959,FALSE,FALSE,FALSE,TRUE,TRUE,TRUE,FALSE,FALSE,FALSE,TRUE,TRUE,TRUE,59
"дно","dn\'o","dno",15405,"bottom","дну'","1",TRUE,"dat","sg","дн","дн",27,514,"d","n","d",0.0499075785582255,"2","TRUE","n","n","dn",1,4,"nasal","nasal","sonorant","voiced_stop",TRUE,"k",541,0.950092421441775,0.928215070959537,0.96685650681182,FALSE,FALSE,FALSE,FALSE,FALSE,FALSE,FALSE,FALSE,FALSE,FALSE,FALSE,FALSE,58
"здравие","zdr\'avii","zdravie",1226,"health","здра'вие","1",FALSE,"acc","sg","зд","здр",0,95,"z","d","z",0,"3","TRUE","d","r","zdr",3,5,"glide","voiced_stop","obstruent","strident",TRUE,"v",95,1,0.961913922429989,1,FALSE,FALSE,FALSE,FALSE,FALSE,FALSE,FALSE,FALSE,FALSE,FALSE,FALSE,FALSE,60
"здравие","zdr\'avii","zdravie",1226,"health","здра'вии","1",FALSE,"prep","sg","зд","здр",18,11,"z","d","z",0.620689655172414,"3","TRUE","d","r","zdr",3,5,"glide","voiced_stop","obstruent","strident",TRUE,"v",29,0.379310344827586,0.206868699486507,0.577395359335599,FALSE,FALSE,FALSE,FALSE,FALSE,FALSE,FALSE,FALSE,FALSE,FALSE,FALSE,FALSE,61
"зло","zl\'o","zlo",17468,"evil","зле'","1",TRUE,"prep","sg","зл","зл",33,134,"z","l","z",0.197604790419162,"2","TRUE","l","l","zl",3,5,"glide","glide","sonorant","strident",TRUE,"v",167,0.802395209580838,0.733836530705645,0.859901838081873,FALSE,FALSE,FALSE,FALSE,FALSE,FALSE,FALSE,FALSE,FALSE,FALSE,FALSE,FALSE,64
"зло","zl\'o","zlo",17468,"evil","зло'","1",TRUE,"acc","sg","зл","зл",30,255,"z","l","z",0.105263157894737,"2","TRUE","l","l","zl",3,5,"glide","glide","sonorant","strident",TRUE,"v",285,0.894736842105263,0.853148221151457,0.927844569459545,FALSE,FALSE,FALSE,FALSE,FALSE,FALSE,FALSE,FALSE,FALSE,FALSE,FALSE,FALSE,62
"зло","zl\'o","zlo",17468,"evil","злу'","1",TRUE,"dat","sg","зл","зл",69,83,"z","l","z",0.453947368421053,"2","TRUE","l","l","zl",3,5,"glide","glide","sonorant","strident",TRUE,"k",152,0.546052631578947,0.463384949928054,0.626889877646795,FALSE,FALSE,FALSE,FALSE,FALSE,FALSE,FALSE,FALSE,FALSE,FALSE,FALSE,FALSE,63
"крест","kr\'est","krest",13154,"cross","креста'","2",FALSE,"gen","sg","кр","кр",109,53,"k","r","k",0.672839506172839,"2","FALSE","r","r","kr",0,5,"glide","glide","sonorant","voiceless_stop",TRUE,"s",162,0.327160493827161,0.2556082039793,0.40517112944915,FALSE,FALSE,FALSE,FALSE,TRUE,TRUE,FALSE,FALSE,FALSE,FALSE,TRUE,TRUE,66
"крест","kr\'est","krest",13154,"cross","креста'ми","2",FALSE,"inst","pl","кр","кр",123,25,"k","r","k",0.831081081081081,"2","FALSE","r","r","kr",0,5,"glide","glide","sonorant","voiceless_stop",TRUE,"s",148,0.168918918918919,0.112399348202126,0.239177164046814,FALSE,FALSE,FALSE,FALSE,TRUE,TRUE,FALSE,FALSE,FALSE,FALSE,TRUE,TRUE,67
"крест","kr\'est","krest",13154,"cross","кресту'","2",FALSE,"dat","sg","кр","кр",128,99,"k","r","k",0.563876651982379,"2","FALSE","r","r","kr",0,5,"glide","glide","sonorant","voiceless_stop",TRUE,"k",227,0.436123348017621,0.370622797753928,0.503314219445148,TRUE,FALSE,TRUE,FALSE,FALSE,FALSE,TRUE,FALSE,TRUE,TRUE,FALSE,TRUE,65
"лев","l\'ev (l\super jv-)","lev",18011,"lion","льво'в","1",TRUE,"acc","pl","ль","льв",26,86,"lj","v","l",0.232142857142857,"3","TRUE","\textsuperscript{j}","v","l\textsuperscript{j}v",NA,5,"glide","glide","sonorant",NA,TRUE,"v",112,0.767857142857143,0.67864627492701,0.842407823327991,FALSE,TRUE,TRUE,FALSE,FALSE,FALSE,FALSE,TRUE,TRUE,FALSE,TRUE,TRUE,68
"лев","l\'ev (l\super jv-)","lev",18011,"lion","льву'","1",TRUE,"dat","sg","ль","льв",59,40,"lj","v","l",0.595959595959596,"3","TRUE","\textsuperscript{j}","v","l\textsuperscript{j}v",NA,5,"glide","glide","sonorant",NA,TRUE,"k",99,0.404040404040404,0.306572529491827,0.507407325633578,FALSE,FALSE,FALSE,FALSE,FALSE,FALSE,FALSE,FALSE,FALSE,FALSE,FALSE,FALSE,69
"ложь","l\'o\:s (l\:z-)","lozh",6734,"","лжи'","1",TRUE,"dat","sg","лж","лж",11,72,"l","zh","l",0.132530120481928,"2","TRUE","\textrtailz ","zh","l\textrtailz ",5,3,"strident","strident","strident","glide",TRUE,"k",83,0.867469879518072,0.775228259935659,0.931942632462069,FALSE,FALSE,FALSE,FALSE,FALSE,FALSE,FALSE,FALSE,FALSE,FALSE,FALSE,FALSE,70
"мгла","mgl\'a","mgla",1918,"haze","мгле'","1",TRUE,"prep","sg","мг","мгл",4,202,"m","g","m",0.0194174757281553,"3","TRUE","g","l","mgl",4,5,"glide","voiced_stop","obstruent","nasal",TRUE,"v",206,0.980582524271845,0.951032414944028,0.994684664611152,FALSE,FALSE,FALSE,TRUE,FALSE,TRUE,TRUE,FALSE,TRUE,TRUE,FALSE,TRUE,71
"мгновение","mgnav\'enii","mgnovenie",11441,"moment","мгнове'ние","2",FALSE,"acc","sg","мг","мгн",317,85,"m","g","m",0.788557213930348,"3","FALSE","g","n","mgn",4,4,"nasal","voiced_stop","obstruent","nasal",TRUE,"v",402,0.211442786069652,0.172533850659103,0.254659816028439,FALSE,FALSE,FALSE,TRUE,FALSE,TRUE,TRUE,FALSE,TRUE,TRUE,FALSE,TRUE,72
"мнение","mn\'enii","mnenie",37342,"view","мне'нии","1",FALSE,"prep","sg","мн","мн",79,271,"m","n","m",0.225714285714286,"2","TRUE","n","n","mn",4,4,"nasal","nasal","sonorant","nasal",TRUE,"v",350,0.774285714285714,0.726833698074469,0.817028447829688,FALSE,FALSE,FALSE,TRUE,FALSE,TRUE,TRUE,FALSE,TRUE,TRUE,FALSE,TRUE,74
"мнение","mn\'enii","mnenie",37342,"view","мне'ниях","1",FALSE,"prep","pl","мн","мн",48,109,"m","n","m",0.305732484076433,"2","TRUE","n","n","mn",4,4,"nasal","nasal","sonorant","nasal",TRUE,"v",157,0.694267515923567,0.615824735533715,0.76520924374256,FALSE,FALSE,FALSE,TRUE,FALSE,TRUE,TRUE,FALSE,TRUE,TRUE,FALSE,TRUE,73
"множество","mn\'o\:zistv@","mnozhestvo",20947,"set","мно'жестве","1",FALSE,"prep","sg","мн","мн",50,784,"m","n","m",0.0599520383693046,"2","TRUE","n","n","mn",4,4,"nasal","nasal","sonorant","nasal",TRUE,"v",834,0.940047961630695,0.92172128696458,0.955178642873019,FALSE,FALSE,FALSE,TRUE,FALSE,TRUE,TRUE,FALSE,TRUE,TRUE,FALSE,TRUE,78
"множество","mn\'o\:zistv@","mnozhestvo",20947,"set","мно'жество","1",FALSE,"acc","sg","мн","мн",29,38,"m","n","m",0.432835820895522,"2","TRUE","n","n","mn",4,4,"nasal","nasal","sonorant","nasal",TRUE,"v",67,0.567164179104478,0.440409831366671,0.687787320306453,FALSE,FALSE,FALSE,TRUE,FALSE,TRUE,TRUE,FALSE,TRUE,TRUE,FALSE,TRUE,75
"множество","mn\'o\:zistv@","mnozhestvo",20947,"set","мно'жеством","1",FALSE,"inst","sg","мн","мн",273,653,"m","n","m",0.294816414686825,"2","TRUE","n","n","mn",4,4,"nasal","nasal","sonorant","nasal",TRUE,"s",926,0.705183585313175,0.674656055056556,0.734399549441424,FALSE,FALSE,FALSE,FALSE,TRUE,TRUE,FALSE,FALSE,FALSE,FALSE,TRUE,TRUE,77
"множество","mn\'o\:zistv@","mnozhestvo",20947,"set","мно'жеству","1",FALSE,"dat","sg","мн","мн",23,19,"m","n","m",0.547619047619048,"2","TRUE","n","n","mn",4,4,"nasal","nasal","sonorant","nasal",TRUE,"k",42,0.452380952380952,0.298458813196318,0.613268212762129,FALSE,FALSE,FALSE,FALSE,FALSE,FALSE,FALSE,FALSE,FALSE,FALSE,FALSE,FALSE,76
"мрак","mr\'ak","mrak",4304,"darkness","мра'к","1",TRUE,"acc","sg","мр","мр",68,190,"m","r","m",0.263565891472868,"2","TRUE","r","r","mr",4,5,"glide","glide","sonorant","nasal",TRUE,"v",258,0.736434108527132,0.678210917082583,0.789135579316616,FALSE,FALSE,FALSE,TRUE,FALSE,TRUE,TRUE,FALSE,TRUE,TRUE,FALSE,TRUE,79
"мрак","mr\'ak","mrak",4304,"darkness","мра'ке","1",FALSE,"prep","sg","мр","мр",24,766,"m","r","m",0.030379746835443,"2","TRUE","r","r","mr",4,5,"glide","glide","sonorant","nasal",TRUE,"v",790,0.969620253164557,0.955133126459616,0.980440152036863,FALSE,FALSE,FALSE,TRUE,FALSE,TRUE,TRUE,FALSE,TRUE,TRUE,FALSE,TRUE,80
"нрав","nr\'af","nrav",5674,"temper","нра'вах","1",FALSE,"prep","pl","нр","нр",84,14,"n","r","n",0.857142857142857,"2","TRUE","r","r","nr",4,5,"glide","glide","sonorant","nasal",TRUE,"v",98,0.142857142857143,0.080359512591802,0.228060496922308,FALSE,FALSE,FALSE,FALSE,FALSE,FALSE,FALSE,FALSE,FALSE,FALSE,FALSE,FALSE,81
"плоть","pl\'ot\super j","plotj",5142,"flesh","пло'ти","1",FALSE,"acc","pl","пл","пл",54,252,"p","l","p",0.176470588235294,"2","TRUE","l","l","pl",0,5,"glide","glide","sonorant","voiceless_stop",TRUE,"v",306,0.823529411764706,0.776104835561238,0.86456094561707,FALSE,FALSE,FALSE,TRUE,FALSE,TRUE,TRUE,FALSE,TRUE,TRUE,FALSE,TRUE,82
"плоть","pl\'ot\super j","plotj",5142,"flesh","пло'ти","1",FALSE,"prep","sg","пл","пл",54,252,"p","l","p",0.176470588235294,"2","TRUE","l","l","pl",0,5,"glide","glide","sonorant","voiceless_stop",TRUE,"v",306,0.823529411764706,0.776104835561238,0.86456094561707,FALSE,FALSE,FALSE,TRUE,FALSE,TRUE,TRUE,FALSE,TRUE,TRUE,FALSE,TRUE,83
"правление","pravl\'enii","pravlenie",8026,"board","правле'нию","2",FALSE,"dat","sg","пр","пр",42,7,"p","r","p",0.857142857142857,"2","FALSE","r","r","pr",0,5,"glide","glide","sonorant","voiceless_stop",TRUE,"k",49,0.142857142857143,0.059421505690313,0.272421512695597,FALSE,FALSE,FALSE,FALSE,FALSE,FALSE,FALSE,FALSE,FALSE,FALSE,FALSE,FALSE,84
"прах","pr\'ax","pr\'ax",3037,"dust","пра'хе","1",FALSE,"prep","sg","пр","пр",37,36,"p","r","p",0.506849315068493,"2","TRUE","r","r","pr",0,5,"glide","glide","sonorant","voiceless_stop",TRUE,"v",73,0.493150684931507,0.374047136161367,0.612827095485613,FALSE,FALSE,FALSE,TRUE,FALSE,TRUE,TRUE,FALSE,TRUE,TRUE,FALSE,TRUE,85
"рвение","rv\'enii","rvenie",899,"zeal","рве'нием","1",FALSE,"inst","sg","рв","рв",27,11,"r","v","r",0.710526315789474,"2","TRUE","v","v","rv",5,5,"glide","glide","sonorant","glide",TRUE,"s",38,0.289473684210526,0.15424628678791,0.459032066924292,FALSE,FALSE,FALSE,TRUE,FALSE,TRUE,FALSE,FALSE,FALSE,TRUE,FALSE,TRUE,86
"рот","r\'ot (rt-)","rot",24400,"mouth","рту'","1",TRUE,"dat","sg","рт","рт",0,509,"r","t","r",0,"2","TRUE","t","t","rt",5,0,"voiceless_stop","voiceless_stop","obstruent","glide",TRUE,"k",509,1,0.992778891029126,1,FALSE,FALSE,FALSE,FALSE,FALSE,FALSE,FALSE,FALSE,FALSE,FALSE,FALSE,FALSE,87
"ртуть","rt\'ut\super j","rtutj",1051,"mercury","рту'тью","1",FALSE,"inst","sg","рт","рт",18,14,"r","t","r",0.5625,"2","TRUE","t","t","rt",5,0,"voiceless_stop","voiceless_stop","obstruent","glide",TRUE,"s",32,0.4375,0.263638124410985,0.623374268409906,FALSE,FALSE,FALSE,TRUE,TRUE,TRUE,FALSE,FALSE,FALSE,TRUE,TRUE,TRUE,88
"свидетельство","svid\'etil\super jstv@","svideteljstvo",7193,"evidence","свиде'тельство","2",FALSE,"acc","sg","св","св",36,58,"s","v","s",0.382978723404255,"2","FALSE","v","v","sv",3,5,"glide","glide","sonorant","strident",TRUE,"v",94,0.617021276595745,0.511016161779773,0.715439623524464,FALSE,TRUE,TRUE,FALSE,FALSE,FALSE,FALSE,TRUE,TRUE,FALSE,TRUE,TRUE,89
"святой","svit\'oj","svjatoj",28467,"saint","свято'м","2",FALSE,"prep","sg","св","св",128,60,"s","v","s",0.680851063829787,"2","FALSE","v","v","sv",3,5,"glide","glide","sonorant","strident",TRUE,"v",188,0.319148936170213,0.253195101340901,0.390913751638416,FALSE,TRUE,TRUE,FALSE,FALSE,FALSE,FALSE,TRUE,TRUE,FALSE,TRUE,TRUE,94
"святой","svit\'oj","svjatoj",28467,"saint","свято'му","2",FALSE,"dat","sg","св","св",120,15,"s","v","s",0.888888888888889,"2","FALSE","v","v","sv",3,5,"glide","glide","sonorant","strident",TRUE,"k",135,0.111111111111111,0.0635377034744794,0.176632929577909,FALSE,FALSE,FALSE,FALSE,FALSE,FALSE,FALSE,FALSE,FALSE,FALSE,FALSE,FALSE,92
"святой","svit\'oj","svjatoj",28467,"saint","святы'м","2",FALSE,"dat","pl","св","св",135,21,"s","v","s",0.865384615384615,"2","FALSE","v","v","sv",3,5,"glide","glide","sonorant","strident",TRUE,"k",156,0.134615384615385,0.0852995621947258,0.19838591354613,FALSE,FALSE,FALSE,FALSE,FALSE,FALSE,FALSE,FALSE,FALSE,FALSE,FALSE,FALSE,91
"святой","svit\'oj","svjatoj",28467,"saint","святы'х","2",FALSE,"acc","pl","св","св",111,87,"s","v","s",0.560606060606061,"2","FALSE","v","v","sv",3,5,"glide","glide","sonorant","strident",TRUE,"v",198,0.439393939393939,0.369113248194868,0.511516878931712,FALSE,TRUE,TRUE,FALSE,FALSE,FALSE,FALSE,TRUE,TRUE,FALSE,TRUE,TRUE,90
"святой","svit\'oj","svjatoj",28467,"saint","святы'х","2",FALSE,"prep","pl","св","св",111,87,"s","v","s",0.560606060606061,"2","FALSE","v","v","sv",3,5,"glide","glide","sonorant","strident",TRUE,"v",198,0.439393939393939,0.369113248194868,0.511516878931712,FALSE,TRUE,TRUE,FALSE,FALSE,FALSE,FALSE,TRUE,TRUE,FALSE,TRUE,TRUE,93
"священник","sviSS\'enik","svjashshennik",9736,"priest","свяще'нника","2",FALSE,"acc","sg","св","св",6,20,"s","v","s",0.230769230769231,"2","FALSE","v","v","sv",3,5,"glide","glide","sonorant","strident",TRUE,"v",26,0.769230769230769,0.563524903058613,0.910259889115425,FALSE,TRUE,TRUE,FALSE,FALSE,FALSE,FALSE,TRUE,TRUE,FALSE,TRUE,TRUE,NA
"священник","svjashshennik",9736,"priest","свяще'нника","2",FALSE,"acc","sg","св","св",6,20,"s","v","s",0.230769230769231,"2","FALSE","v","v","sv",3,5,"glide","glide","sonorant","strident",TRUE,"v",26,0.769230769230769,0.563524903058613,0.910259889115425,FALSE,TRUE,TRUE,FALSE,FALSE,FALSE,FALSE,TRUE,TRUE,FALSE,TRUE,TRUE,95
"след","sl\'et","sled",20318,"trace","сле'д","1",TRUE,"acc","sg","сл","сл",192,32,"s","l","s",0.857142857142857,"2","TRUE","l","l","sl",3,5,"glide","glide","sonorant","strident",TRUE,"v",224,0.142857142857143,0.0998105476869794,0.195646988988604,FALSE,FALSE,FALSE,FALSE,FALSE,FALSE,FALSE,FALSE,FALSE,FALSE,FALSE,FALSE,96
"смирение","smir\'enii","smirenie",2551,"humility","смире'нии","2",FALSE,"prep","sg","см","см",77,12,"s","m","s",0.865168539325843,"2","FALSE","m","m","sm",3,4,"nasal","nasal","sonorant","strident",TRUE,"v",89,0.134831460674157,0.0716554582368179,0.223681775786876,FALSE,FALSE,FALSE,FALSE,TRUE,TRUE,FALSE,TRUE,TRUE,FALSE,TRUE,TRUE,97
"сон","s\'on (sn-)","son",29284,"sleep","сну'","1",TRUE,"dat","sg","сн","сн",11,483,"s","n","s",0.0222672064777328,"2","TRUE","n","n","sn",3,4,"nasal","nasal","sonorant","strident",TRUE,"k",494,0.977732793522267,0.960507686714581,0.988833108745579,FALSE,FALSE,FALSE,FALSE,FALSE,FALSE,FALSE,FALSE,FALSE,FALSE,FALSE,FALSE,98
"спасение","spas\'enii","spasenie",10022,"salvation","спасе'ние","2",FALSE,"acc","sg","сп","сп",35,215,"s","p","s",0.14,"2","FALSE","p","p","sp",3,0,"voiceless_stop","voiceless_stop","obstruent","strident",TRUE,"v",250,0.86,0.810708065643504,0.900508829325662,FALSE,FALSE,FALSE,FALSE,TRUE,TRUE,FALSE,TRUE,TRUE,FALSE,TRUE,TRUE,99
"спасение","spas\'enii","spasenie",10022,"salvation","спасе'нию","2",FALSE,"dat","sg","сп","сп",277,149,"s","p","s",0.650234741784038,"2","FALSE","p","p","sp",3,0,"voiceless_stop","voiceless_stop","obstruent","strident",TRUE,"k",426,0.349765258215962,0.304486542893177,0.397147392124946,FALSE,FALSE,FALSE,FALSE,FALSE,FALSE,FALSE,FALSE,FALSE,FALSE,FALSE,FALSE,100
"тьма","t\super jm\'a","tjma",8016,"dark","тьме'","1",TRUE,"prep","sg","ть","тьм",42,1214,"tj","m","t",0.0334394904458599,"3","TRUE","\textsuperscript{j}","m","t\textsuperscript{j}m",NA,4,"nasal","nasal","sonorant",NA,TRUE,"v",1256,0.96656050955414,0.955066426889622,0.975795605239805,FALSE,FALSE,FALSE,FALSE,TRUE,TRUE,FALSE,TRUE,TRUE,FALSE,TRUE,TRUE,NA
"флот","fl\'ot","flot",9417,"fleet","фло'том","1",FALSE,"inst","sg","фл","фл",61,12,"f","l","f",0.835616438356164,"2","TRUE","l","l","fl",2,5,"glide","glide","sonorant","voiceless_fricative",TRUE,"s",73,0.164383561643836,0.0879299321335955,0.269543571975636,FALSE,FALSE,FALSE,FALSE,TRUE,TRUE,FALSE,FALSE,FALSE,FALSE,TRUE,TRUE,102
"флот","fl\'ot","flot",9417,"fleet","фло'ту","1",FALSE,"dat","sg","фл","фл",22,5,"f","l","f",0.814814814814815,"2","TRUE","l","l","fl",2,5,"glide","glide","sonorant","voiceless_fricative",TRUE,"k",27,0.185185185185185,0.0630000065376768,0.380829879093994,FALSE,FALSE,FALSE,FALSE,FALSE,FALSE,FALSE,FALSE,FALSE,FALSE,FALSE,FALSE,101
"храм","xr\'am","xram",15431,"temple","хра'м","1",TRUE,"acc","sg","хр","хр",878,125,"x","r","x",0.875373878364905,"2","TRUE","r","r","xr",2,5,"glide","glide","sonorant","voiceless_fricative",TRUE,"v",1003,0.124626121635095,0.104811955891277,0.146672560065909,FALSE,FALSE,FALSE,FALSE,FALSE,FALSE,FALSE,FALSE,FALSE,FALSE,FALSE,FALSE,103
"храм","xr\'am","xram",15431,"temple","хра'мах","1",FALSE,"prep","pl","хр","хр",196,28,"x","r","x",0.875,"2","TRUE","r","r","xr",2,5,"glide","glide","sonorant","voiceless_fricative",TRUE,"v",224,0.125,0.0846929165801785,0.175570942907215,FALSE,FALSE,FALSE,FALSE,FALSE,FALSE,FALSE,FALSE,FALSE,FALSE,FALSE,FALSE,105
"храм","xr\'am","xram",15431,"temple","хра'ме","1",FALSE,"prep","sg","хр","хр",1284,103,"x","r","x",0.925739005046864,"2","TRUE","r","r","xr",2,5,"glide","glide","sonorant","voiceless_fricative",TRUE,"v",1387,0.0742609949531363,0.0610154946116285,0.0893420267856476,FALSE,FALSE,FALSE,FALSE,FALSE,FALSE,FALSE,FALSE,FALSE,FALSE,FALSE,FALSE,NA
"храм","xr\'am","xram",15431,"temple","хра'му","1",FALSE,"dat","sg","хр","хр",163,32,"x","r","x",0.835897435897436,"2","TRUE","r","r","xr",2,5,"glide","glide","sonorant","voiceless_fricative",TRUE,"k",195,0.164102564102564,0.115035736166036,0.223693194179652,FALSE,FALSE,FALSE,TRUE,FALSE,TRUE,TRUE,FALSE,TRUE,TRUE,FALSE,TRUE,104
"цвет","\t{ts}v\'et","tsvet",31175,"color","цве'те","1",FALSE,"prep","sg","цв","цв",194,61,"ts","v","\texttoptiebar{ts}",0.76078431372549,"2","TRUE","v","v","\texttoptiebar{ts}v",3,5,"glide","glide","sonorant","strident",TRUE,"v",255,0.23921568627451,0.188201015936035,0.296402360850312,FALSE,TRUE,TRUE,FALSE,FALSE,FALSE,FALSE,TRUE,TRUE,FALSE,TRUE,TRUE,106
