lemma,lemma_freq,gloss,form,stressed_syll,monosyll,case,number,short_cluster,full_cluster,noep,ep
благо,11163,good,бла'го,1,FALSE,acc,sg,бл,бл,17,258
благо,11163,good,бла'ге,1,FALSE,prep,sg,бл,бл,25,4
благодарность,6900,thanks,благода'рность,3,FALSE,acc,sg,бл,бл,376,0
благодарность,6900,thanks,благода'рности,3,FALSE,acc,pl,бл,бл,26,0
благодарность,6900,thanks,благода'рности,3,FALSE,prep,sg,бл,бл,26,0
благодарность,6900,thanks,благода'рностях,3,FALSE,prep,pl,бл,бл,40,0
благодать,3261,grace,благода'ти,3,FALSE,acc,pl,бл,бл,29,3
благодать,3261,grace,благода'ти,3,FALSE,prep,sg,бл,бл,29,3
благополучие,3377,well-being,благополу'чии,4,FALSE,prep,sg,бл,бл,48,1
благородный,10215,noble,благоро'дных,3,FALSE,acc,pl,бл,бл,31,0
благородный,10215,noble,благоро'дном,3,FALSE,prep,sg,бл,бл,165,0
благородный,10215,noble,благоро'дных,3,FALSE,prep,pl,бл,бл,31,0
благородство,1899,nobility,благоро'дство,3,FALSE,acc,sg,бл,бл,21,0
благородство,1899,nobility,благоро'дстве,3,FALSE,prep,sg,бл,бл,30,0
блаженство,2936,bliss,блаже'нстве,2,FALSE,prep,sg,бл,бл,65,1
ближний,7812,Middle,бли'жних,1,FALSE,acc,pl,бл,бл,56,0
ближний,7812,Middle,бли'жнем,1,FALSE,prep,sg,бл,бл,268,0
ближний,7812,Middle,бли'жних,1,FALSE,prep,pl,бл,бл,56,0
близость,4832,proximity,бли'зость,1,FALSE,acc,sg,бл,бл,30,0
близость,4832,proximity,бли'зости,1,FALSE,acc,pl,бл,бл,126,0
близость,4832,proximity,бли'зости,1,FALSE,prep,sg,бл,бл,126,0
блин,2776,pancake,бли'н,1,TRUE,acc,sg,бл,бл,11,20
блиндаж,1022,dugout,блинда'ж,2,FALSE,acc,sg,бл,бл,114,0
блиндаж,1022,dugout,блиндаже',3,FALSE,prep,sg,бл,бл,144,0
блиндаж,1022,dugout,блиндажа'х,3,FALSE,prep,pl,бл,бл,30,0
блок,10698,block,бло'к,1,TRUE,acc,sg,бл,бл,62,0
блок,10698,block,бло'ке,1,FALSE,prep,sg,бл,бл,140,0
блок,10698,block,бло'ках,1,FALSE,prep,pl,бл,бл,30,0
блокнот,1515,notebook,блокно'т,2,FALSE,acc,sg,бл,бл,157,0
блокнот,1515,notebook,блокно'те,2,FALSE,prep,sg,бл,бл,159,0
блюдечко,762,limpet,блю'дечко,1,FALSE,acc,sg,бл,бл,38,0
блюдечко,762,limpet,блю'дечке,1,FALSE,prep,sg,бл,бл,21,0
блюдо,5304,dish,блю'до,1,FALSE,acc,sg,бл,бл,24,0
блюдце,780,saucer,блю'дце,1,FALSE,acc,sg,бл,бл,63,0
блюдце,780,saucer,блю'дце,1,FALSE,prep,sg,бл,бл,63,0
брак,9704,marriage,бра'к,1,TRUE,acc,sg,бр,бр,570,1
брак,9704,marriage,бра'ке,1,FALSE,prep,sg,бр,бр,483,1
брат,51519,brother,бра'та,1,FALSE,acc,sg,бр,бр,22,0
брат,51519,brother,бра'те,1,FALSE,prep,sg,бр,бр,21,0
брат,51519,brother,бра'тьях,1,FALSE,prep,pl,бр,бр,79,0
братство,2282,fraternity,бра'тство,1,FALSE,acc,sg,бр,бр,48,0
братство,2282,fraternity,бра'тстве,1,FALSE,prep,sg,бр,бр,44,0
бревно,4240,log,бревно',2,FALSE,acc,sg,бр,бр,28,0
брезент,916,tarpaulin,брезе'нт,2,FALSE,acc,sg,бр,бр,25,0
бриллиант,1840,diamond,бриллиа'нтах,3,FALSE,prep,pl,бр,бр,46,0
брюхо,2431,belly,брю'хо,1,FALSE,acc,sg,бр,бр,112,0
брюхо,2431,belly,брю'хе,1,FALSE,prep,sg,бр,бр,110,0
введение,6573,Introduction,введе'нии,2,FALSE,prep,sg,вв,вв,31,76
взаимодействие,8159,interaction,взаимоде'йствие,4,FALSE,acc,sg,вз,вз,2,56
взаимодействие,8159,interaction,взаимоде'йствии,4,FALSE,prep,sg,вз,вз,3,355
взаимоотношение,3983,relationship,взаимоотноше'ниях,6,FALSE,prep,pl,вз,вз,0,242
взвод,4308,platoon,взво'д,1,TRUE,acc,sg,вз,взв,2,46
взвод,4308,platoon,взво'де,1,FALSE,prep,sg,вз,взв,1,139
взгляд,52915,view,взгля'де,1,FALSE,prep,sg,вз,взгл,2,451
взгляд,52915,view,взгля'дах,1,FALSE,prep,pl,вз,взгл,0,349
взор,8079,gaze,взо'ре,1,FALSE,prep,sg,вз,вз,0,97
взор,8079,gaze,взо'рах,1,FALSE,prep,pl,вз,вз,1,44
взрослый,12467,adult,взро'слого,1,FALSE,acc,sg,вз,взр,1,20
взрослый,12467,adult,взро'слых,1,FALSE,acc,pl,вз,взр,0,37
взрослый,12467,adult,взро'слом,1,FALSE,prep,sg,вз,взр,2,80
взрослый,12467,adult,взро'слых,1,FALSE,prep,pl,вз,взр,0,37
взрыв,8852,explosion,взры'ве,1,FALSE,prep,sg,вз,взр,1,21
взятие,1963,taking,взя'тии,1,FALSE,prep,sg,вз,вз,2,25
взяток,2860,bribes,взя'тках,1,FALSE,prep,pl,вз,вз,0,29
вкус,13349,taste,вку'с,1,TRUE,acc,sg,вк,вк,0,249
вкус,13349,taste,вку'се,1,FALSE,prep,sg,вк,вк,0,229
вкус,13349,taste,вку'сах,1,FALSE,prep,pl,вк,вк,0,31
владение,5857,possession,владе'ние,2,FALSE,acc,sg,вл,вл,0,315
владение,5857,possession,владе'ния,2,FALSE,acc,pl,вл,вл,0,43
владение,5857,possession,владе'нии,2,FALSE,prep,sg,вл,вл,3,160
владение,5857,possession,владе'ниях,2,FALSE,prep,pl,вл,вл,0,69
власть,67217,power,вла'сть,1,TRUE,acc,sg,вл,вл,2,603
влияние,24926,influence,влия'нии,2,FALSE,prep,sg,вл,вл,0,30
вмешательство,3055,intervention,вмеша'тельстве,2,FALSE,prep,sg,вм,вм,2,20
внедрение,3310,introduction,внедре'нии,2,FALSE,prep,sg,вн,вн,0,29
внешность,3403,appearance,вне'шности,1,FALSE,acc,pl,вн,вн,0,84
внешность,3403,appearance,вне'шности,1,FALSE,prep,sg,вн,вн,0,84
внимание,49696,attention,внима'нии,2,FALSE,prep,sg,вн,вн,2,55
внутренность,1870,interior,вну'тренность,1,FALSE,acc,sg,вн,вн,2,166
внутренность,1870,interior,вну'тренности,1,FALSE,acc,pl,вн,вн,1,111
внутренность,1870,interior,вну'тренности,1,FALSE,prep,sg,вн,вн,1,111
внутренность,1870,interior,вну'тренностях,1,FALSE,prep,pl,вн,вн,1,28
враг,25625,enemy,врага',2,FALSE,acc,sg,вр,вр,1,32
враг,25625,enemy,враго'в,2,FALSE,acc,pl,вр,вр,2,23
вращение,2066,rotation,враще'ние,2,FALSE,acc,sg,вр,вр,0,51
вред,5542,harm,вре'д,1,TRUE,acc,sg,вр,вр,0,406
время,349141,time,времена'х,3,FALSE,prep,pl,вр,вр,1,24
встречный,4300,counter,встре'чном,1,FALSE,prep,sg,вс,встр,1,43
вступление,4786,entry,вступле'нии,2,FALSE,prep,sg,вс,вст,7,56
главк,809,Glaucus,гла'вк,1,TRUE,acc,sg,гл,гл,55,0
главк,809,Glaucus,гла'вке,1,FALSE,prep,sg,гл,гл,65,0
глазок,5006,peephole,глазо'к,2,FALSE,acc,sg,гл,гл,153,0
глазок,5006,peephole,глазки',2,FALSE,acc,pl,гл,гл,21,0
глазок,5006,peephole,глазо'к,2,FALSE,acc,sg,гл,гл,153,0
глазок,5006,peephole,гла'зки,1,FALSE,acc,pl,гл,гл,21,0
глоток,3585,sip,глотке',2,FALSE,prep,sg,гл,гл,81,0
глупость,7652,stupidity,глу'пости,1,FALSE,acc,pl,гл,гл,34,1
глупость,7652,stupidity,глу'пости,1,FALSE,prep,sg,гл,гл,34,1
гнев,7287,anger,гне'в,1,TRUE,acc,sg,гн,гн,64,37
гнев,7287,anger,гне'ве,1,FALSE,prep,sg,гн,гн,383,91
гнездо,4875,nest,гнездо',2,FALSE,acc,sg,гн,гн,122,1
гнездо,4875,nest,гнёзда,1,FALSE,acc,pl,гн,гн,25,0
гнездо,4875,nest,гнезде',2,FALSE,prep,sg,гн,гн,194,0
гнездо,4875,nest,гнёздах,1,FALSE,prep,pl,гн,гн,58,0
град,3979,hail,гра'д,1,TRUE,acc,sg,гр,гр,28,32
град,3979,hail,гра'де,1,FALSE,prep,sg,гр,гр,31,60
градус,4620,degree,гра'дусах,1,FALSE,prep,pl,гр,гр,28,0
гражданин,24939,citizen,граждани'не,3,FALSE,prep,sg,гр,гр,45,1
гранит,1339,granite,грани'т,2,FALSE,acc,sg,гр,гр,40,0
гранит,1339,granite,грани'те,2,FALSE,prep,sg,гр,гр,38,0
граф,22652,graph,гра'фе,1,FALSE,prep,sg,гр,гр,366,0
график,3091,schedule,гра'фик,1,FALSE,acc,sg,гр,гр,22,0
график,3091,schedule,гра'фике,1,FALSE,prep,sg,гр,гр,41,0
графин,1745,carafe,графи'н,2,FALSE,acc,sg,гр,гр,31,0
графин,1745,carafe,графи'не,2,FALSE,prep,sg,гр,гр,55,0
грех,17017,sin,гре'х,1,TRUE,acc,sg,гр,гр,135,28
грех,17017,sin,грехе',2,FALSE,prep,sg,гр,гр,127,64
грех,17017,sin,греха'х,2,FALSE,prep,pl,гр,гр,144,60
грохот,3974,crash,гро'хоте,1,FALSE,prep,sg,гр,гр,97,0
грош,2556,mite,гро'ш,1,TRUE,acc,sg,гр,гр,149,1
грубость,1868,rudeness,гру'бости,1,FALSE,acc,pl,гр,гр,26,0
грубость,1868,rudeness,гру'бости,1,FALSE,prep,sg,гр,гр,26,0
грузин,1816,Georgian,грузи'не,2,FALSE,prep,sg,гр,гр,25,0
грузовик,3718,truck,грузови'к,3,FALSE,acc,sg,гр,гр,47,0
грузовик,3718,truck,грузовики',4,FALSE,acc,pl,гр,гр,21,0
грузовик,3718,truck,грузовике',4,FALSE,prep,sg,гр,гр,39,0
грусть,3889,melancholy,гру'сти,1,FALSE,acc,pl,гр,гр,25,0
грусть,3889,melancholy,гру'сти,1,FALSE,prep,sg,гр,гр,25,0
двигатель,8943,engine,дви'гатель,1,FALSE,acc,sg,дв,дв,35,0
двигатель,8943,engine,дви'гателе,1,FALSE,prep,sg,дв,дв,77,0
двигатель,8943,engine,дви'гателях,1,FALSE,prep,pl,дв,дв,35,0
движение,51390,movement,движе'ниях,2,FALSE,prep,pl,дв,дв,417,0
двойник,1369,double,двойнике',3,FALSE,prep,sg,дв,дв,21,0
двор,41939,yard,дворы',2,FALSE,acc,pl,дв,дв,3,71
двор,41939,yard,двора'х,2,FALSE,prep,pl,дв,дв,9,276
дворец,15180,palace,дворцы',2,FALSE,acc,pl,дв,дв,5,16
дворец,15180,palace,дворца'х,2,FALSE,prep,pl,дв,дв,15,75
дворик,1365,patio,дво'рик,1,FALSE,acc,sg,дв,дв,4,50
дворик,1365,patio,дво'рике,1,FALSE,prep,sg,дв,дв,10,82
дворник,3600,janitor,дво'рники,1,FALSE,acc,pl,дв,дв,37,0
джаз,1534,jazz,джа'з,1,TRUE,acc,sg,дж,дж,23,0
джаз,1534,jazz,джа'зе,1,FALSE,prep,sg,дж,дж,58,0
джип,1386,jeep,джи'п,1,TRUE,acc,sg,дж,дж,36,0
джип,1386,jeep,джи'пе,1,FALSE,prep,sg,дж,дж,28,0
дневник,6860,diary,дневни'к,2,FALSE,acc,sg,дн,дн,193,0
дневник,6860,diary,дневнике',3,FALSE,prep,sg,дн,дн,894,0
дневник,6860,diary,дневника'х,3,FALSE,prep,pl,дн,дн,109,0
днище,719,bottom,дни'ще,1,FALSE,acc,sg,дн,дн,50,0
днище,719,bottom,дни'ще,1,FALSE,prep,sg,дн,дн,50,0
дно,15405,bottom,дно',1,TRUE,acc,sg,дн,дн,119,8
дно,15405,bottom,дне',1,TRUE,prep,sg,дн,дн,102,7
дно,15405,bottom,дно',1,TRUE,acc,sg,дн,дн,119,8
дно,15405,bottom,дне',1,TRUE,prep,sg,дн,дн,102,7
древность,3137,antiquity,дре'вности,1,FALSE,acc,pl,др,др,808,3
древность,3137,antiquity,дре'вности,1,FALSE,prep,sg,др,др,808,3
древность,3137,antiquity,дре'вностях,1,FALSE,prep,pl,др,др,25,0
дрожь,2625,shiver,дро'жь,1,TRUE,acc,sg,др,др,81,0
друг,161683,each,дру'га,1,FALSE,acc,sg,др,др,662,11
друг,161683,each,дру'ге,1,FALSE,prep,sg,др,др,245,15
друг,161683,each,друзья'х,2,FALSE,prep,pl,др,др,57,1
жгут,995,tourniquet,жгу'т,1,TRUE,acc,sg,жг,жг,30,0
звание,9305,title,зва'ние,1,FALSE,acc,sg,зв,зв,95,1
звание,9305,title,зва'нии,1,FALSE,prep,sg,зв,зв,515,1
звено,4106,link,звене',2,FALSE,prep,sg,зв,зв,73,0
звонок,9929,call,звоно'к,2,FALSE,acc,sg,зв,зв,45,0
звук,21983,sound,зву'к,1,TRUE,acc,sg,зв,зв,29,0
звук,21983,sound,зву'ки,1,FALSE,acc,pl,зв,зв,48,0
звук,21983,sound,зву'ке,1,FALSE,prep,sg,зв,зв,83,0
звук,21983,sound,зву'ках,1,FALSE,prep,pl,зв,зв,110,0
здание,19656,building,зда'ние,1,FALSE,acc,sg,зд,зд,485,0
здание,19656,building,зда'нии,1,FALSE,prep,sg,зд,зд,919,0
здание,19656,building,зда'ниях,1,FALSE,prep,pl,зд,зд,90,0
здоровье,17905,Health,здоро'вье,2,FALSE,acc,sg,зд,зд,70,2
здоровье,17905,Health,здоро'вье,2,FALSE,prep,sg,зд,зд,70,2
здравие,1226,health,здра'вие,1,FALSE,acc,sg,зд,здр,0,95
здравие,1226,health,здра'вии,1,FALSE,prep,sg,зд,здр,18,11
здравоохранение,2091,health,здравоохране'нии,5,FALSE,prep,sg,зд,здр,55,0
зло,17468,evil,зло',1,TRUE,acc,sg,зл,зл,30,255
зло,17468,evil,зле',1,TRUE,prep,sg,зл,зл,33,134
злоупотребление,1996,abuse,злоупотребле'нии,5,FALSE,prep,sg,зл,зл,30,0
злоупотребление,1996,abuse,злоупотребле'ниях,5,FALSE,prep,pl,зл,зл,23,1
знак,21133,sign,зна'ке,1,FALSE,prep,sg,зн,зн,26,0
знак,21133,sign,зна'ках,1,FALSE,prep,pl,зн,зн,28,0
знакомство,8930,familiarity,знако'мстве,2,FALSE,prep,sg,зн,зн,54,0
знакомый,40008,familiar,знако'мых,2,FALSE,acc,pl,зн,зн,45,0
знакомый,40008,familiar,знако'мом,2,FALSE,prep,sg,зн,зн,79,0
знакомый,40008,familiar,знако'мых,2,FALSE,prep,pl,зн,зн,45,0
знамя,6608,banner,зна'мя,1,FALSE,acc,sg,зн,зн,34,0
знамя,6608,banner,зна'мени,1,FALSE,prep,sg,зн,зн,64,0
знание,24613,knowledge,зна'ние,1,FALSE,acc,sg,зн,зн,58,3
знание,24613,knowledge,зна'нии,1,FALSE,prep,sg,зн,зн,247,0
знание,24613,knowledge,зна'ниях,1,FALSE,prep,pl,зн,зн,67,0
значение,40543,value,значе'ние,2,FALSE,acc,sg,зн,зн,64,0
значение,40543,value,значе'нии,2,FALSE,prep,sg,зн,зн,314,0
значение,40543,value,значе'ниях,2,FALSE,prep,pl,зн,зн,30,0
зной,1487,heat,зно'й,1,TRUE,acc,sg,зн,зн,40,0
зной,1487,heat,зно'е,1,FALSE,prep,sg,зн,зн,23,0
зрачок,2008,pupil,зрачки',2,FALSE,acc,pl,зр,зр,66,0
зрачок,2008,pupil,зрачке',2,FALSE,prep,sg,зр,зр,31,0
зрачок,2008,pupil,зрачка'х,2,FALSE,prep,pl,зр,зр,74,0
зрелище,4702,spectacle,зре'лище,1,FALSE,acc,sg,зр,зр,30,1
зрелище,4702,spectacle,зре'лище,1,FALSE,prep,sg,зр,зр,30,1
зрелость,1267,maturity,зре'лости,1,FALSE,acc,pl,зр,зр,41,1
зрелость,1267,maturity,зре'лости,1,FALSE,prep,sg,зр,зр,41,1
зритель,12292,spectator,зри'теле,1,FALSE,prep,sg,зр,зр,27,0
квадрат,2593,square,квадра'т,2,FALSE,acc,sg,кв,кв,71,0
квадрат,2593,square,квадра'те,2,FALSE,prep,sg,кв,кв,184,0
квартал,4503,quarter,кварта'л,2,FALSE,acc,sg,кв,кв,150,0
квартал,4503,quarter,кварта'ле,2,FALSE,prep,sg,кв,кв,92,0
квартал,4503,quarter,кварта'лах,2,FALSE,prep,pl,кв,кв,22,0
класс,31245,Class,кла'сс,1,TRUE,acc,sg,кл,кл,832,0
класс,31245,Class,кла'ссы,1,FALSE,acc,pl,кл,кл,97,0
класс,31245,Class,кла'ссах,1,FALSE,prep,pl,кл,кл,246,0
классик,3731,classic,кла'ссике,1,FALSE,prep,sg,кл,кл,43,0
климат,4040,climate,кли'мате,1,FALSE,prep,sg,кл,кл,42,0
клин,1615,wedge,кли'н,1,TRUE,acc,sg,кл,кл,31,0
клок,2125,lock,кло'чья,1,FALSE,acc,pl,кл,кл,383,0
клок,2125,lock,кло'чьях,1,FALSE,prep,pl,кл,кл,32,0
клочок,2333,scrap,клочки',2,FALSE,acc,pl,кл,кл,137,0
клуб,14845,Club,клу'б,1,TRUE,acc,sg,кл,кл,826,0
клуб,14845,Club,клу'бы,1,FALSE,acc,pl,кл,кл,48,0
клуб,14845,Club,клу'бах,1,FALSE,prep,pl,кл,кл,287,0
клуб,14845,Club,клу'б,1,TRUE,acc,sg,кл,кл,826,0
клуб,14845,Club,клубы',2,FALSE,acc,pl,кл,кл,48,0
клуб,14845,Club,клуба'х,2,FALSE,prep,pl,кл,кл,287,0
клубок,1165,ball,клубо'к,2,FALSE,acc,sg,кл,кл,107,0
клюв,1187,beak,клю'в,1,TRUE,acc,sg,кл,кл,23,0
клюв,1187,beak,клю'ве,1,FALSE,prep,sg,кл,кл,97,0
ключ,12566,key,ключе',2,FALSE,prep,sg,кл,кл,31,0
ключ,12566,key,ключа'х,2,FALSE,prep,pl,кл,кл,33,0
князь,50997,prince,кня'зе,1,FALSE,prep,sg,кн,кн,69,0
крайность,3331,extreme,кра'йность,1,FALSE,acc,sg,кр,кр,62,0
крайность,3331,extreme,кра'йности,1,FALSE,acc,pl,кр,кр,181,0
крайность,3331,extreme,кра'йности,1,FALSE,prep,sg,кр,кр,181,0
кран,3487,crane,кра'не,1,FALSE,prep,sg,кр,кр,26,0
красный,52047,red,кра'сных,1,FALSE,acc,pl,кр,кр,662,0
красный,52047,red,кра'сных,1,FALSE,prep,pl,кр,кр,662,0
кредит,6818,loan,кре'дит,1,FALSE,acc,sg,кр,кр,412,0
кредит,6818,loan,кре'дите,1,FALSE,prep,sg,кр,кр,21,0
кредит,6818,loan,кре'дитах,1,FALSE,prep,pl,кр,кр,21,0
кредит,6818,loan,креди'т,2,FALSE,acc,sg,кр,кр,412,0
кредит,6818,loan,креди'те,2,FALSE,prep,sg,кр,кр,21,0
кредит,6818,loan,креди'тах,2,FALSE,prep,pl,кр,кр,21,0
кремль,8465,Kremlin,кре'мль,1,TRUE,acc,sg,кр,кр,952,0
крепость,10663,fortress,кре'пость,1,FALSE,acc,sg,кр,кр,647,0
крепость,10663,fortress,кре'пости,1,FALSE,acc,pl,кр,кр,696,0
крепость,10663,fortress,кре'пости,1,FALSE,prep,sg,кр,кр,696,0
крепость,10663,fortress,кре'постях,1,FALSE,prep,pl,кр,кр,55,0
крепость,10663,fortress,кре'пость,1,FALSE,acc,sg,кр,кр,647,0
крепость,10663,fortress,кре'пости,1,FALSE,acc,pl,кр,кр,696,0
крепость,10663,fortress,кре'пости,1,FALSE,prep,sg,кр,кр,696,0
крепость,10663,fortress,крепостя'х,3,FALSE,prep,pl,кр,кр,55,0
кресло,15952,chair,кре'сла,1,FALSE,acc,pl,кр,кр,231,0
кресло,15952,chair,кре'слах,1,FALSE,prep,pl,кр,кр,470,0
крест,13154,cross,кре'ст,1,TRUE,acc,sg,кр,кр,40,0
крест,13154,cross,кресты',2,FALSE,acc,pl,кр,кр,31,0
крест,13154,cross,креста'х,2,FALSE,prep,pl,кр,кр,101,0
крестьянин,18633,peasant,крестья'нах,2,FALSE,prep,pl,кр,кр,22,0
крестьянство,2315,peasantry,крестья'нстве,2,FALSE,prep,sg,кр,кр,55,4
кризис,6913,crisis,кри'зисе,1,FALSE,prep,sg,кр,кр,68,0
кристалл,3197,crystal,криста'ллы,2,FALSE,acc,pl,кр,кр,26,0
кристалл,3197,crystal,криста'лле,2,FALSE,prep,sg,кр,кр,75,0
кристалл,3197,crystal,криста'ллах,2,FALSE,prep,pl,кр,кр,84,0
критик,12201,critic,кри'тике,1,FALSE,prep,sg,кр,кр,169,1
кровать,14199,bed,крова'ть,2,FALSE,acc,sg,кр,кр,280,0
кровать,14199,bed,крова'ти,2,FALSE,acc,pl,кр,кр,464,0
кровать,14199,bed,крова'ти,2,FALSE,prep,sg,кр,кр,464,0
кровать,14199,bed,крова'тях,2,FALSE,prep,pl,кр,кр,33,0
крокодил,1667,crocodile,крокоди'ле,3,FALSE,prep,sg,кр,кр,45,0
кружево,1572,lace,кружева'х,3,FALSE,prep,pl,кр,кр,66,0
кружок,9382,circle,кружо'к,2,FALSE,acc,sg,кр,кр,393,3
кружок,9382,circle,кружки',2,FALSE,acc,pl,кр,кр,58,0
кружок,9382,circle,кружке',2,FALSE,prep,sg,кр,кр,393,0
кружок,9382,circle,кружка'х,2,FALSE,prep,pl,кр,кр,88,0
крыло,12804,wing,крыло',2,FALSE,acc,sg,кр,кр,33,0
крыло,12804,wing,крыле',2,FALSE,prep,sg,кр,кр,35,0
крыло,12804,wing,кры'льях,1,FALSE,prep,pl,кр,кр,48,0
лев,18011,lion,льво'в,1,TRUE,acc,pl,ль,льв,26,86
мгла,1918,haze,мгле',1,TRUE,prep,sg,мг,мгл,4,202
мгновение,11441,moment,мгнове'ние,2,FALSE,acc,sg,мг,мгн,317,85
мнение,37342,view,мне'нии,1,FALSE,prep,sg,мн,мн,79,271
мнение,37342,view,мне'ниях,1,FALSE,prep,pl,мн,мн,48,109
множество,20947,set,мно'жество,1,FALSE,acc,sg,мн,мн,29,38
множество,20947,set,мно'жестве,1,FALSE,prep,sg,мн,мн,50,784
мрак,4304,darkness,мра'к,1,TRUE,acc,sg,мр,мр,68,190
мрак,4304,darkness,мра'ке,1,FALSE,prep,sg,мр,мр,24,766
мрамор,1765,marble,мра'море,1,FALSE,prep,sg,мр,мр,56,2
нрав,5674,temper,нра'вы,1,FALSE,acc,pl,нр,нр,23,0
нрав,5674,temper,нра'вах,1,FALSE,prep,pl,нр,нр,84,14
нравственность,3086,moral,нра'вственности,1,FALSE,acc,pl,нр,нр,28,2
нравственность,3086,moral,нра'вственности,1,FALSE,prep,sg,нр,нр,28,2
плавание,4641,swimming,пла'вание,1,FALSE,acc,sg,пл,пл,163,0
плавание,4641,swimming,пла'вании,1,FALSE,prep,sg,пл,пл,211,1
пламя,188,flame,пла'мя,1,FALSE,acc,sg,пл,пл,114,1
пламя,188,flame,пла'мени,1,FALSE,prep,sg,пл,пл,220,5
план,36800,plan,пла'н,1,TRUE,acc,sg,пл,пл,306,0
план,36800,plan,пла'ны,1,FALSE,acc,pl,пл,пл,128,0
план,36800,plan,пла'нах,1,FALSE,prep,pl,пл,пл,326,0
планирование,2101,Planning,плани'ровании,2,FALSE,prep,sg,пл,пл,56,0
пласт,4028,stratum,пла'ст,1,TRUE,acc,sg,пл,пл,41,0
пласт,4028,stratum,пласте',2,FALSE,prep,sg,пл,пл,99,0
пласт,4028,stratum,пласта'х,2,FALSE,prep,pl,пл,пл,41,0
платок,10024,shawl,плато'к,2,FALSE,acc,sg,пл,пл,215,0
платок,10024,shawl,платки',2,FALSE,acc,pl,пл,пл,27,0
платок,10024,shawl,платке',2,FALSE,prep,sg,пл,пл,163,0
платок,10024,shawl,платка'х,2,FALSE,prep,pl,пл,пл,35,0
платочек,1662,handkerchief,плато'чек,2,FALSE,acc,sg,пл,пл,38,0
платочек,1662,handkerchief,плато'чке,2,FALSE,prep,sg,пл,пл,94,0
платочек,1662,handkerchief,плато'чках,2,FALSE,prep,pl,пл,пл,31,0
платье,16148,dress,пла'тье,1,FALSE,acc,sg,пл,пл,310,0
платье,16148,dress,пла'тье,1,FALSE,prep,sg,пл,пл,310,0
платье,16148,dress,пла'тьях,1,FALSE,prep,pl,пл,пл,62,0
плач,5314,crying,пла'ч,1,TRUE,acc,sg,пл,пл,23,0
плач,5314,crying,пла'че,1,FALSE,prep,sg,пл,пл,58,0
плащ,4480,cloak,пла'щ,1,TRUE,acc,sg,пл,пл,145,0
плащ,4480,cloak,плаще',2,FALSE,prep,sg,пл,пл,249,0
плащ,4480,cloak,плаща'х,2,FALSE,prep,pl,пл,пл,54,0
племя,6456,tribe,пле'мени,1,FALSE,prep,sg,пл,пл,35,0
пленум,2386,plenum,пле'нуме,1,FALSE,prep,sg,пл,пл,27,0
плечо,41574,shoulder,плечо',2,FALSE,acc,sg,пл,пл,702,0
плечо,41574,shoulder,пле'чи,1,FALSE,acc,pl,пл,пл,567,0
плечо,41574,shoulder,плече',2,FALSE,prep,sg,пл,пл,86,0
плечо,41574,shoulder,плеча'х,2,FALSE,prep,pl,пл,пл,404,1
плод,9212,fruit,плода'х,2,FALSE,prep,pl,пл,пл,56,0
плоскость,3839,plane,пло'скость,1,FALSE,acc,sg,пл,пл,92,0
плоскость,3839,plane,пло'скости,1,FALSE,acc,pl,пл,пл,337,0
плоскость,3839,plane,пло'скости,1,FALSE,prep,sg,пл,пл,337,0
плоскость,3839,plane,пло'скость,1,FALSE,acc,sg,пл,пл,92,0
плоскость,3839,plane,пло'скости,1,FALSE,acc,pl,пл,пл,337,0
плоскость,3839,plane,пло'скости,1,FALSE,prep,sg,пл,пл,337,0
плоть,5142,flesh,пло'ть,1,TRUE,acc,sg,пл,пл,232,1
плоть,5142,flesh,пло'ти,1,FALSE,acc,pl,пл,пл,54,252
плоть,5142,flesh,пло'ти,1,FALSE,prep,sg,пл,пл,54,252
площадь,22710,area,пло'щадь,1,FALSE,acc,sg,пл,пл,30,0
плюс,5532,plus,плю'с,1,TRUE,acc,sg,пл,пл,48,0
правило,34846,rule,пра'вило,1,FALSE,acc,sg,пр,пр,36,0
правило,34846,rule,пра'вила,1,FALSE,acc,pl,пр,пр,53,0
правило,34846,rule,пра'виле,1,FALSE,prep,sg,пр,пр,23,0
правило,34846,rule,пра'вилах,1,FALSE,prep,pl,пр,пр,258,3
правило,34846,rule,прави'ло,2,FALSE,acc,sg,пр,пр,36,0
правило,34846,rule,прави'ла,2,FALSE,acc,pl,пр,пр,53,0
правило,34846,rule,прави'ле,2,FALSE,prep,sg,пр,пр,23,0
правило,34846,rule,прави'лах,2,FALSE,prep,pl,пр,пр,258,3
правильность,2105,correctness,пра'вильность,1,FALSE,acc,sg,пр,пр,26,0
правильность,2105,correctness,пра'вильности,1,FALSE,acc,pl,пр,пр,334,0
правильность,2105,correctness,пра'вильности,1,FALSE,prep,sg,пр,пр,334,0
правительство,43736,Government,прави'тельство,2,FALSE,acc,sg,пр,пр,573,0
правление,8026,board,правле'ние,2,FALSE,acc,sg,пр,пр,398,0
правление,8026,board,правле'нии,2,FALSE,prep,sg,пр,пр,227,4
право,84892,right,пра'во,1,FALSE,acc,sg,пр,пр,50,0
право,84892,right,права',2,FALSE,acc,pl,пр,пр,83,0
право,84892,right,пра'ве,1,FALSE,prep,sg,пр,пр,549,1
право,84892,right,права'х,2,FALSE,prep,pl,пр,пр,371,0
православный,11349,orthodox,правосла'вных,3,FALSE,acc,pl,пр,пр,39,0
православный,11349,orthodox,правосла'вном,3,FALSE,prep,sg,пр,пр,118,0
православный,11349,orthodox,правосла'вных,3,FALSE,prep,pl,пр,пр,39,0
правый,100537,right,пра'вых,1,FALSE,acc,pl,пр,пр,26,0
правый,100537,right,пра'вом,1,FALSE,prep,sg,пр,пр,510,0
правый,100537,right,пра'вых,1,FALSE,prep,pl,пр,пр,26,0
праздник,18478,holiday,пра'здник,1,FALSE,acc,sg,пр,пр,490,0
праздник,18478,holiday,пра'здники,1,FALSE,acc,pl,пр,пр,307,0
праздник,18478,holiday,пра'зднике,1,FALSE,prep,sg,пр,пр,53,0
практик,14150,practices,пра'ктике,1,FALSE,prep,sg,пр,пр,661,0
прах,3037,dust,пра'х,1,TRUE,acc,sg,пр,пр,504,33
прах,3037,dust,пра'хе,1,FALSE,prep,sg,пр,пр,37,36
превосходство,2558,superiority,превосхо'дстве,3,FALSE,prep,sg,пр,пр,35,0
превращение,4059,transformation,превраще'нии,3,FALSE,prep,sg,пр,пр,36,0
предание,4514,tradition,преда'нии,2,FALSE,prep,sg,пр,пр,48,0
предание,4514,tradition,преда'ниях,2,FALSE,prep,pl,пр,пр,60,0
преданность,2824,devotion,пре'данности,1,FALSE,acc,pl,пр,пр,59,0
преданность,2824,devotion,пре'данности,1,FALSE,prep,sg,пр,пр,59,0
предательство,2061,betrayal,преда'тельстве,2,FALSE,prep,sg,пр,пр,102,0
предел,20517,limit,преде'лы,2,FALSE,acc,pl,пр,пр,365,0
предел,20517,limit,преде'ле,2,FALSE,prep,sg,пр,пр,94,0
предисловие,2368,preface,предисло'вии,3,FALSE,prep,sg,пр,пр,540,1
предложение,20279,proposal,предложе'нии,3,FALSE,prep,sg,пр,пр,153,0
предложение,20279,proposal,предложе'ниях,3,FALSE,prep,pl,пр,пр,44,0
предмет,30595,subject,предме'т,2,FALSE,acc,sg,пр,пр,142,0
предмет,30595,subject,предме'ты,2,FALSE,acc,pl,пр,пр,29,0
предмет,30595,subject,предме'те,2,FALSE,prep,sg,пр,пр,122,0
предмет,30595,subject,предме'тах,2,FALSE,prep,pl,пр,пр,78,0
предоставление,3216,provision,предоставле'нии,4,FALSE,prep,sg,пр,пр,144,0
предположение,6890,assumption,предположе'нии,4,FALSE,prep,sg,пр,пр,237,0
предположение,6890,assumption,предположе'ниях,4,FALSE,prep,pl,пр,пр,28,0
предприятие,31247,Enterprise,предприя'тие,3,FALSE,acc,sg,пр,пр,31,0
предприятие,31247,Enterprise,предприя'тия,3,FALSE,acc,pl,пр,пр,28,0
предприятие,31247,Enterprise,предприя'тии,3,FALSE,prep,sg,пр,пр,52,1
предприятие,31247,Enterprise,предприя'тиях,3,FALSE,prep,pl,пр,пр,57,0
представительство,2685,representation,представи'тельство,3,FALSE,acc,sg,пр,пр,25,0
представительство,2685,representation,представи'тельстве,3,FALSE,prep,sg,пр,пр,45,0
представление,23582,representation,представле'ние,3,FALSE,acc,sg,пр,пр,40,0
представление,23582,representation,представле'ния,3,FALSE,acc,pl,пр,пр,21,0
представление,23582,representation,представле'нии,3,FALSE,prep,sg,пр,пр,458,2
представление,23582,representation,представле'ниях,3,FALSE,prep,pl,пр,пр,96,0
предупреждение,3277,warning,предупрежде'ние,4,FALSE,acc,sg,пр,пр,51,0
предупреждение,3277,warning,предупрежде'нии,4,FALSE,prep,sg,пр,пр,27,0
предчувствие,3056,premonition,предчу'вствии,2,FALSE,prep,sg,пр,пр,179,0
президиум,3681,presidium,прези'диум,2,FALSE,acc,sg,пр,пр,226,0
президиум,3681,presidium,прези'диуме,2,FALSE,prep,sg,пр,пр,380,0
президиум,3681,presidium,прези'диумах,2,FALSE,prep,pl,пр,пр,24,0
презрение,4554,contempt,презре'ние,2,FALSE,acc,sg,пр,пр,25,2
презрение,4554,contempt,презре'нии,2,FALSE,prep,sg,пр,пр,68,1
преимущество,8430,advantage,преиму'ществах,3,FALSE,prep,pl,пр,пр,29,0
прекращение,3562,termination,прекраще'нии,3,FALSE,prep,sg,пр,пр,24,0
прелесть,5321,beauty,пре'лести,1,FALSE,acc,pl,пр,пр,25,0
прелесть,5321,beauty,пре'лести,1,FALSE,prep,sg,пр,пр,25,0
пренебрежение,1460,neglect,пренебреже'нии,4,FALSE,prep,sg,пр,пр,65,0
преобразование,4556,transformation,преобразова'нии,5,FALSE,prep,sg,пр,пр,35,0
преодоление,2552,overcome,преодоле'нии,4,FALSE,prep,sg,пр,пр,142,0
препарат,5846,preparation,препара'те,3,FALSE,prep,sg,пр,пр,24,0
препарат,5846,preparation,препара'тах,3,FALSE,prep,pl,пр,пр,26,0
преследование,2963,pursuit,пресле'довании,2,FALSE,prep,sg,пр,пр,63,0
пресс,11047,Press,пре'сс,1,TRUE,acc,sg,пр,пр,487,0
пресс,11047,Press,пре'ссе,1,FALSE,prep,sg,пр,пр,827,0
преступление,13977,crime,преступле'ние,3,FALSE,acc,sg,пр,пр,49,1
преступление,13977,crime,преступле'нии,3,FALSE,prep,sg,пр,пр,259,2
преступление,13977,crime,преступле'ниях,3,FALSE,prep,pl,пр,пр,95,1
приближение,3527,approximation,приближе'нии,3,FALSE,prep,sg,пр,пр,55,0
прибор,8444,device,прибо'р,2,FALSE,acc,sg,пр,пр,22,0
прибор,8444,device,прибо'ре,2,FALSE,prep,sg,пр,пр,39,0
прибор,8444,device,прибо'рах,2,FALSE,prep,pl,пр,пр,23,0
прибыль,8132,profit,при'были,1,FALSE,acc,pl,пр,пр,42,0
прибыль,8132,profit,при'были,1,FALSE,prep,sg,пр,пр,42,0
прибыль,8132,profit,при'былях,1,FALSE,prep,pl,пр,пр,21,0
приветствие,2771,greeting,приве'тствии,2,FALSE,prep,sg,пр,пр,38,0
привлечение,2961,attraction,привлече'нии,3,FALSE,prep,sg,пр,пр,74,1
привязанность,2030,affection,привя'занности,2,FALSE,acc,pl,пр,пр,23,0
привязанность,2030,affection,привя'занности,2,FALSE,prep,sg,пр,пр,23,0
приглашение,5179,invitation,приглаше'нии,3,FALSE,prep,sg,пр,пр,29,0
приговор,6808,sentence,пригово'ре,3,FALSE,prep,sg,пр,пр,113,0
пригород,908,suburb,при'город,1,FALSE,acc,sg,пр,пр,30,0
пригород,908,suburb,при'городе,1,FALSE,prep,sg,пр,пр,190,0
пригород,908,suburb,при'городах,1,FALSE,prep,pl,пр,пр,41,0
приготовление,3867,preparation,приготовле'нии,4,FALSE,prep,sg,пр,пр,69,0
приготовление,3867,preparation,приготовле'ниях,4,FALSE,prep,pl,пр,пр,38,0
признание,9721,recognition,призна'нии,2,FALSE,prep,sg,пр,пр,217,0
призыв,4996,call,призы'ве,2,FALSE,prep,sg,пр,пр,21,0
приказ,16275,order,прика'з,2,FALSE,acc,sg,пр,пр,93,0
приказ,16275,order,прика'зе,2,FALSE,prep,sg,пр,пр,377,0
приказ,16275,order,прика'зах,2,FALSE,prep,pl,пр,пр,93,0
приказчик,3281,clerk,прика'зчиках,2,FALSE,prep,pl,пр,пр,21,0
прикосновение,2567,touch,прикоснове'нии,4,FALSE,prep,sg,пр,пр,30,0
прикрытие,2612,cover,прикры'тии,2,FALSE,prep,sg,пр,пр,21,0
прилив,1610,rush,прили'ве,2,FALSE,prep,sg,пр,пр,43,0
приложение,4439,app,приложе'нии,3,FALSE,prep,sg,пр,пр,344,0
приложение,4439,app,приложе'ниях,3,FALSE,prep,pl,пр,пр,55,0
применение,15316,application,примене'нии,3,FALSE,prep,sg,пр,пр,567,1
пример,31652,example,приме'ре,2,FALSE,prep,sg,пр,пр,90,0
пример,31652,example,приме'рах,2,FALSE,prep,pl,пр,пр,43,0
примечание,2316,note,примеча'нии,3,FALSE,prep,sg,пр,пр,102,0
примечание,2316,note,примеча'ниях,3,FALSE,prep,pl,пр,пр,78,0
принадлежность,4347,accessory,принадле'жности,3,FALSE,acc,pl,пр,пр,125,0
принадлежность,4347,accessory,принадле'жности,3,FALSE,prep,sg,пр,пр,125,0
принцип,25925,principle,при'нцип,1,FALSE,acc,sg,пр,пр,82,0
принцип,25925,principle,при'нципы,1,FALSE,acc,pl,пр,пр,24,0
принцип,25925,principle,при'нципах,1,FALSE,prep,pl,пр,пр,61,0
принятие,8226,adoption,приня'тии,2,FALSE,prep,sg,пр,пр,363,0
приобретение,4527,acquisition,приобрете'нии,4,FALSE,prep,sg,пр,пр,143,0
припадок,2924,fit,припа'дке,2,FALSE,prep,sg,пр,пр,392,0
припадок,2924,fit,припа'дках,2,FALSE,prep,pl,пр,пр,34,0
присвоение,851,assignment,присвое'нии,3,FALSE,prep,sg,пр,пр,46,0
приспособление,2584,adaptation,приспособле'нии,4,FALSE,prep,sg,пр,пр,26,0
пристань,3798,pier,при'стани,1,FALSE,acc,pl,пр,пр,25,1
пристань,3798,pier,при'стани,1,FALSE,prep,sg,пр,пр,25,1
пристань,3798,pier,при'стани,1,FALSE,acc,pl,пр,пр,25,1
пристань,3798,pier,при'стани,1,FALSE,prep,sg,пр,пр,25,1
пристрастие,2217,predilection,пристра'стии,2,FALSE,prep,sg,пр,пр,56,0
приступ,3756,attack,при'ступе,1,FALSE,prep,sg,пр,пр,103,0
присутствие,13067,presence,прису'тствие,2,FALSE,acc,sg,пр,пр,141,0
приход,6600,parish,прихо'д,2,FALSE,acc,sg,пр,пр,27,0
приход,6600,parish,прихо'де,2,FALSE,prep,sg,пр,пр,122,0
прицел,1232,sight,прице'л,2,FALSE,acc,sg,пр,пр,37,0
причастность,850,involvement,прича'стности,2,FALSE,acc,pl,пр,пр,97,0
причастность,850,involvement,прича'стности,2,FALSE,prep,sg,пр,пр,97,0
приют,2199,shelter,прию'т,2,FALSE,acc,sg,пр,пр,89,0
приют,2199,shelter,прию'те,2,FALSE,prep,sg,пр,пр,91,0
провал,3202,failure,прова'л,2,FALSE,acc,sg,пр,пр,45,0
провал,3202,failure,прова'ле,2,FALSE,prep,sg,пр,пр,40,0
провал,3202,failure,прова'лах,2,FALSE,prep,pl,пр,пр,24,0
проведение,12982,holding,проведе'нии,3,FALSE,prep,sg,пр,пр,444,0
провод,4018,wire,провода'х,3,FALSE,prep,pl,пр,пр,51,0
провод,4018,wire,прово'дах,2,FALSE,prep,pl,пр,пр,51,0
проводник,3875,conductor,проводники',4,FALSE,acc,pl,пр,пр,44,0
прогноз,4136,forecast,прогно'зе,2,FALSE,prep,sg,пр,пр,31,0
прогноз,4136,forecast,прогно'зах,2,FALSE,prep,pl,пр,пр,40,0
прогресс,5544,progress,прогре'сс,2,FALSE,acc,sg,пр,пр,77,0
прогресс,5544,progress,прогре'ссе,2,FALSE,prep,sg,пр,пр,21,0
продвижение,2679,promotion,продвиже'нии,3,FALSE,prep,sg,пр,пр,91,0
продовольствие,2534,food,продово'льствии,3,FALSE,prep,sg,пр,пр,69,0
продолжение,8875,continued,продолже'нии,3,FALSE,prep,sg,пр,пр,312,0
продукт,18516,product,проду'кты,2,FALSE,acc,pl,пр,пр,21,0
продукт,18516,product,проду'кте,2,FALSE,prep,sg,пр,пр,47,0
продукт,18516,product,проду'ктах,2,FALSE,prep,pl,пр,пр,110,0
проезд,2859,passage,прое'зд,2,FALSE,acc,sg,пр,пр,68,0
проезд,2859,passage,прое'зде,2,FALSE,prep,sg,пр,пр,40,0
проект,26269,project,прое'кт,2,FALSE,acc,sg,пр,пр,232,0
проект,26269,project,прое'кты,2,FALSE,acc,pl,пр,пр,32,0
проект,26269,project,прое'кте,2,FALSE,prep,sg,пр,пр,709,0
проект,26269,project,прое'ктах,2,FALSE,prep,pl,пр,пр,93,0
произведение,17210,product,произведе'ние,4,FALSE,acc,sg,пр,пр,38,0
произведение,17210,product,произведе'ния,4,FALSE,acc,pl,пр,пр,23,0
произведение,17210,product,произведе'нии,4,FALSE,prep,sg,пр,пр,164,0
произведение,17210,product,произведе'ниях,4,FALSE,prep,pl,пр,пр,339,0
производительность,3018,performance,производи'тельности,4,FALSE,acc,pl,пр,пр,21,0
производительность,3018,performance,производи'тельности,4,FALSE,prep,sg,пр,пр,21,0
производство,33098,production,произво'дство,3,FALSE,acc,sg,пр,пр,572,0
производство,33098,production,произво'дствах,3,FALSE,prep,pl,пр,пр,30,0
происхождение,9195,origin,происхожде'нии,4,FALSE,prep,sg,пр,пр,110,0
пролив,1903,strait,проли'в,2,FALSE,acc,sg,пр,пр,58,0
пролив,1903,strait,проли'ве,2,FALSE,prep,sg,пр,пр,98,0
пролив,1903,strait,проли'вах,2,FALSE,prep,pl,пр,пр,23,0
промежуток,3268,interval,промежу'ток,3,FALSE,acc,sg,пр,пр,102,0
промежуток,3268,interval,промежу'тки,3,FALSE,acc,pl,пр,пр,52,0
промежуток,3268,interval,промежу'тке,3,FALSE,prep,sg,пр,пр,286,0
промежуток,3268,interval,промежу'тках,3,FALSE,prep,pl,пр,пр,474,0
промышленность,12308,Industry,промы'шленность,2,FALSE,acc,sg,пр,пр,115,0
промышленность,12308,Industry,промы'шленности,2,FALSE,acc,pl,пр,пр,638,0
промышленность,12308,Industry,промы'шленности,2,FALSE,prep,sg,пр,пр,638,0
пропасть,15948,abyss,про'пасть,1,FALSE,acc,sg,пр,пр,702,0
пропасть,15948,abyss,про'пасти,1,FALSE,acc,pl,пр,пр,61,0
пропасть,15948,abyss,про'пасти,1,FALSE,prep,sg,пр,пр,61,0
проповедь,3480,sermon,про'поведи,1,FALSE,acc,pl,пр,пр,94,0
проповедь,3480,sermon,про'поведи,1,FALSE,prep,sg,пр,пр,94,0
проповедь,3480,sermon,про'поведях,1,FALSE,prep,pl,пр,пр,49,0
пропуск,2971,pass,про'пуске,1,FALSE,prep,sg,пр,пр,23,0
прорыв,2722,breakthrough,проры'в,2,FALSE,acc,sg,пр,пр,155,0
прорыв,2722,breakthrough,проры'ве,2,FALSE,prep,sg,пр,пр,34,0
просвет,1375,clearance,просве'т,2,FALSE,acc,sg,пр,пр,48,0
просвет,1375,clearance,просве'ты,2,FALSE,acc,pl,пр,пр,23,0
просвет,1375,clearance,просве'те,2,FALSE,prep,sg,пр,пр,109,0
просвет,1375,clearance,просве'тах,2,FALSE,prep,pl,пр,пр,74,0
просвещение,4606,education,просвеще'нии,3,FALSE,prep,sg,пр,пр,45,1
простой,134373,simple,просто'й,2,FALSE,acc,sg,пр,пр,307,0
простой,134373,simple,просто'е,2,FALSE,prep,sg,пр,пр,71,0
простор,4641,scope,просто'р,2,FALSE,acc,sg,пр,пр,23,0
простор,4641,scope,просто'ры,2,FALSE,acc,pl,пр,пр,23,0
простор,4641,scope,просто'рах,2,FALSE,prep,pl,пр,пр,34,0
пространство,21667,space,простра'нство,2,FALSE,acc,sg,пр,пр,744,0
пространство,21667,space,простра'нствах,2,FALSE,prep,pl,пр,пр,60,0
протест,4591,protest,проте'сте,2,FALSE,prep,sg,пр,пр,22,0
противник,22528,opponent,проти'вника,2,FALSE,acc,sg,пр,пр,36,0
противоположность,2785,contrast,противополо'жность,5,FALSE,acc,sg,пр,пр,970,0
противоречие,7007,contradiction,противоре'чие,4,FALSE,acc,sg,пр,пр,342,0
противоречие,7007,contradiction,противоре'чия,4,FALSE,acc,pl,пр,пр,31,0
противоречие,7007,contradiction,противоре'чии,4,FALSE,prep,sg,пр,пр,188,0
противоречие,7007,contradiction,противоре'чиях,4,FALSE,prep,pl,пр,пр,43,0
противостояние,1540,opposition,противостоя'нии,5,FALSE,prep,sg,пр,пр,75,0
протокол,6407,Protocol,протоко'л,3,FALSE,acc,sg,пр,пр,262,0
протокол,6407,Protocol,протоко'ле,3,FALSE,prep,sg,пр,пр,314,0
протокол,6407,Protocol,протоко'лах,3,FALSE,prep,pl,пр,пр,100,0
профессор,20595,Professor,профе'ссора,2,FALSE,acc,sg,пр,пр,47,0
профиль,3973,Profile,про'филь,1,FALSE,acc,sg,пр,пр,683,0
профиль,3973,Profile,про'филе,1,FALSE,prep,sg,пр,пр,25,0
профсоюз,2127,trade union,профсою'з,3,FALSE,acc,sg,пр,пр,40,0
профсоюз,2127,trade union,профсою'зе,3,FALSE,prep,sg,пр,пр,26,0
профсоюз,2127,trade union,профсою'зах,3,FALSE,prep,pl,пр,пр,23,0
проход,4735,pass,прохо'д,2,FALSE,acc,sg,пр,пр,158,0
проход,4735,pass,прохо'де,2,FALSE,prep,sg,пр,пр,336,0
проход,4735,pass,прохо'дах,2,FALSE,prep,pl,пр,пр,126,0
прохождение,2192,passage,прохожде'нии,3,FALSE,prep,sg,пр,пр,24,0
процент,17543,percentage,проце'нтах,2,FALSE,prep,pl,пр,пр,280,0
процесс,49331,process,проце'сс,2,FALSE,acc,sg,пр,пр,423,0
процесс,49331,process,проце'ссы,2,FALSE,acc,pl,пр,пр,36,0
процесс,49331,process,проце'ссах,2,FALSE,prep,pl,пр,пр,278,0
прочность,2881,strength,про'чность,1,FALSE,acc,sg,пр,пр,46,0
прочность,2881,strength,про'чности,1,FALSE,acc,pl,пр,пр,66,0
прочность,2881,strength,про'чности,1,FALSE,prep,sg,пр,пр,66,0
прошение,2035,petition,проше'нии,2,FALSE,prep,sg,пр,пр,28,0
прощение,3821,forgiveness,проще'нии,2,FALSE,prep,sg,пр,пр,31,0
проявление,8248,manifestation,проявле'нии,3,FALSE,prep,sg,пр,пр,81,0
проявление,8248,manifestation,проявле'ниях,3,FALSE,prep,pl,пр,пр,35,0
пруд,4973,pond,пру'д,1,TRUE,acc,sg,пр,пр,141,0
пруд,4973,pond,пру'де,1,FALSE,prep,sg,пр,пр,89,0
пруд,4973,pond,пруда'х,2,FALSE,prep,pl,пр,пр,45,0
пруд,4973,pond,пру'д,1,TRUE,acc,sg,пр,пр,141,0
пруд,4973,pond,пруде',2,FALSE,prep,sg,пр,пр,89,0
пруд,4973,pond,пруда'х,2,FALSE,prep,pl,пр,пр,45,0
прыжок,3249,jump,прыжке',2,FALSE,prep,sg,пр,пр,86,0
прыжок,3249,jump,прыжка'х,2,FALSE,prep,pl,пр,пр,40,0
сближение,2264,rapprochement,сближе'нии,2,FALSE,prep,sg,сб,сбл,32,0
сбор,9761,collection,сбо'ре,1,FALSE,prep,sg,сб,сб,584,0
сбор,9761,collection,сбо'рах,1,FALSE,prep,pl,сб,сб,39,0
сборник,4655,compilation,сбо'рник,1,FALSE,acc,sg,сб,сб,106,0
сборник,4655,compilation,сбо'рнике,1,FALSE,prep,sg,сб,сб,364,0
сборник,4655,compilation,сбо'рниках,1,FALSE,prep,pl,сб,сб,43,0
свидание,10276,date,свида'нии,2,FALSE,prep,sg,св,св,26,0
свидетельство,7193,evidence,свиде'тельство,2,FALSE,acc,sg,св,св,36,58
свидетельство,7193,evidence,свиде'тельстве,2,FALSE,prep,sg,св,св,47,1
свисток,1386,whistle,свисто'к,2,FALSE,acc,sg,св,св,41,0
свитер,1501,sweater,сви'тере,1,FALSE,prep,sg,св,св,86,0
свободный,33607,free,свобо'дных,2,FALSE,acc,pl,св,св,82,0
свободный,33607,free,свобо'дном,2,FALSE,prep,sg,св,св,374,0
свободный,33607,free,свобо'дных,2,FALSE,prep,pl,св,св,82,0
свод,3807,vault,сво'д,1,TRUE,acc,sg,св,св,51,0
свод,3807,vault,сво'де,1,FALSE,prep,sg,св,св,65,0
свойство,18187,property,сво'йстве,1,FALSE,prep,sg,св,св,50,0
свойство,18187,property,сво'йствах,1,FALSE,prep,pl,св,св,59,0
свойство,18187,property,свойстве',2,FALSE,prep,sg,св,св,50,0
свойство,18187,property,свойства'х,2,FALSE,prep,pl,св,св,59,0
связь,51190,Contact,свя'зь,1,TRUE,acc,sg,св,св,340,0
связь,51190,Contact,свя'зях,1,FALSE,prep,pl,св,св,136,0
святой,28467,saint,святы'х,2,FALSE,acc,pl,св,св,111,87
святой,28467,saint,свято'м,2,FALSE,prep,sg,св,св,128,60
святой,28467,saint,святы'х,2,FALSE,prep,pl,св,св,111,87
священник,9736,priest,свяще'нника,2,FALSE,acc,sg,св,св,6,20
сговор,837,conspiracy,сго'вор,1,FALSE,acc,sg,сг,сг,44,0
сговор,837,conspiracy,сго'воре,1,FALSE,prep,sg,сг,сг,69,0
скатерть,2673,tablecloth,ска'терть,1,FALSE,acc,sg,ск,ск,30,1
скафандр,606,space suit,скафа'ндр,2,FALSE,acc,sg,ск,ск,21,0
скафандр,606,space suit,скафа'ндре,2,FALSE,prep,sg,ск,ск,58,0
скафандр,606,space suit,скафа'ндрах,2,FALSE,prep,pl,ск,ск,30,0
сквер,1487,Square,скве'р,1,TRUE,acc,sg,ск,скв,61,0
сквер,1487,Square,скве'ре,1,FALSE,prep,sg,ск,скв,249,0
сквер,1487,Square,скве'рах,1,FALSE,prep,pl,ск,скв,51,0
склад,7979,warehouse,скла'д,1,TRUE,acc,sg,ск,скл,73,0
склад,7979,warehouse,скла'де,1,FALSE,prep,sg,ск,скл,56,0
склад,7979,warehouse,скла'дах,1,FALSE,prep,pl,ск,скл,28,0
склад,7979,warehouse,скла'д,1,TRUE,acc,sg,ск,скл,73,0
склад,7979,warehouse,скла'де,1,FALSE,prep,sg,ск,скл,56,0
склад,7979,warehouse,склада'х,2,FALSE,prep,pl,ск,скл,28,0
склон,5848,slope,скло'н,1,TRUE,acc,sg,ск,скл,42,0
склонность,2989,penchant,скло'нности,1,FALSE,acc,pl,ск,скл,32,0
склонность,2989,penchant,скло'нности,1,FALSE,prep,sg,ск,скл,32,0
скорбь,3312,sorrow,ско'рби,1,FALSE,acc,pl,ск,ск,57,0
скорбь,3312,sorrow,ско'рби,1,FALSE,prep,sg,ск,ск,57,0
скорбь,3312,sorrow,скорбя'х,2,FALSE,prep,pl,ск,ск,28,0
скорость,15886,rate,ско'рости,1,FALSE,acc,pl,ск,ск,188,0
скорость,15886,rate,ско'рости,1,FALSE,prep,sg,ск,ск,188,0
слабость,7843,weakness,сла'бости,1,FALSE,acc,pl,сл,сл,111,0
слабость,7843,weakness,сла'бости,1,FALSE,prep,sg,сл,сл,111,0
след,20318,trace,сле'д,1,TRUE,acc,sg,сл,сл,192,32
след,20318,trace,следа'х,2,FALSE,prep,pl,сл,сл,41,0
следствие,11046,consequence,сле'дствие,1,FALSE,acc,sg,сл,сл,71,0
следствие,11046,consequence,сле'дствии,1,FALSE,prep,sg,сл,сл,45,0
слияние,2200,merger,слия'нии,2,FALSE,prep,sg,сл,сл,51,0
словарь,3798,Dictionary,слова'рь,2,FALSE,acc,sg,сл,сл,71,0
словарь,3798,Dictionary,словаре',3,FALSE,prep,sg,сл,сл,284,0
словарь,3798,Dictionary,словаря'х,3,FALSE,prep,pl,сл,сл,59,0
словесность,1717,literature,слове'сности,2,FALSE,acc,pl,сл,сл,32,1
словесность,1717,literature,слове'сности,2,FALSE,prep,sg,сл,сл,32,1
слово,195018,word,сло'во,1,FALSE,acc,sg,сл,сл,586,0
слово,195018,word,слова',2,FALSE,acc,pl,сл,сл,401,0
слово,195018,word,сло'ве,1,FALSE,prep,sg,сл,сл,979,1
слог,2235,syllable,сло'ге,1,FALSE,prep,sg,сл,сл,55,0
сложность,5232,complexity,сло'жности,1,FALSE,acc,pl,сл,сл,69,0
сложность,5232,complexity,сло'жности,1,FALSE,prep,sg,сл,сл,69,0
слой,12956,layer,сло'й,1,TRUE,acc,sg,сл,сл,21,0
слой,12956,layer,сло'е,1,FALSE,prep,sg,сл,сл,105,0
слой,12956,layer,слоя'х,2,FALSE,prep,pl,сл,сл,129,0
служение,3784,service,служе'ние,2,FALSE,acc,sg,сл,сл,22,0
служение,3784,service,служе'нии,2,FALSE,prep,sg,сл,сл,152,4
слух,15642,hearing,слу'х,1,TRUE,acc,sg,сл,сл,111,0
случай,124443,case,слу'чай,1,FALSE,acc,sg,сл,сл,38,0
слушатель,4768,listener,слу'шателях,1,FALSE,prep,pl,сл,сл,32,0
смерть,58269,death,сме'рть,1,TRUE,acc,sg,см,см,203,1
смерть,58269,death,сме'рти,1,FALSE,acc,pl,см,см,445,2
смерть,58269,death,сме'рти,1,FALSE,prep,sg,см,см,445,2
смесь,6421,mixture,сме'сь,1,TRUE,acc,sg,см,см,50,0
смесь,6421,mixture,сме'си,1,FALSE,acc,pl,см,см,239,0
смесь,6421,mixture,сме'си,1,FALSE,prep,sg,см,см,239,0
смирение,2551,humility,смире'нии,2,FALSE,prep,sg,см,см,77,12
смущение,2895,embarrassment,смуще'ние,2,FALSE,acc,sg,см,см,105,0
смущение,2895,embarrassment,смуще'нии,2,FALSE,prep,sg,см,см,250,0
смысл,48382,meaning,смы'сл,1,TRUE,acc,sg,см,см,214,0
смятение,1909,confusion,смяте'ние,2,FALSE,acc,sg,см,см,108,1
смятение,1909,confusion,смяте'нии,2,FALSE,prep,sg,см,см,239,3
снабжение,2246,supply,снабже'нии,2,FALSE,prep,sg,сн,сн,70,0
снижение,6569,reduction,сниже'нии,2,FALSE,prep,sg,сн,сн,63,0
сновидение,1497,dream,сновиде'нии,3,FALSE,prep,sg,сн,сн,62,2
сновидение,1497,dream,сновиде'ниях,3,FALSE,prep,pl,сн,сн,77,2
спасение,10022,salvation,спасе'ние,2,FALSE,acc,sg,сп,сп,35,215
спасение,10022,salvation,спасе'нии,2,FALSE,prep,sg,сп,сп,108,8
спектакль,18455,performance,спекта'кль,2,FALSE,acc,sg,сп,сп,131,0
спектакль,18455,performance,спекта'клях,2,FALSE,prep,pl,сп,сп,182,0
спектр,3438,spectrum,спе'ктре,1,FALSE,prep,sg,сп,сп,194,0
спектр,3438,spectrum,спе'ктрах,1,FALSE,prep,pl,сп,сп,70,0
специалист,18573,specialist,специали'стах,4,FALSE,prep,pl,сп,сп,28,0
спираль,1343,spiral,спира'ль,2,FALSE,acc,sg,сп,сп,38,0
список,13048,list,спи'сок,1,FALSE,acc,sg,сп,сп,618,0
список,13048,list,спи'ски,1,FALSE,acc,pl,сп,сп,167,0
список,13048,list,спи'сках,1,FALSE,prep,pl,сп,сп,325,0
сплав,2208,alloy,спла'ве,1,FALSE,prep,sg,сп,спл,23,0
спокойствие,5966,calm,споко'йствии,2,FALSE,prep,sg,сп,сп,63,0
спор,12909,dispute,спо'р,1,TRUE,acc,sg,сп,сп,298,0
спор,12909,dispute,спо'ры,1,FALSE,acc,pl,сп,сп,81,0
спор,12909,dispute,спо'ре,1,FALSE,prep,sg,сп,сп,493,0
спор,12909,dispute,спо'рах,1,FALSE,prep,pl,сп,сп,259,0
спорт,7153,Sports,спо'рт,1,TRUE,acc,sg,сп,сп,58,0
спорт,7153,Sports,спо'рте,1,FALSE,prep,sg,сп,сп,328,0
способ,26433,way,спо'собе,1,FALSE,prep,sg,сп,сп,88,0
способ,26433,way,спо'собах,1,FALSE,prep,pl,сп,сп,73,0
способность,17482,ability,спосо'бность,2,FALSE,acc,sg,сп,сп,30,0
способность,17482,ability,спосо'бности,2,FALSE,acc,pl,сп,сп,202,0
способность,17482,ability,спосо'бности,2,FALSE,prep,sg,сп,сп,202,0
способность,17482,ability,спосо'бностях,2,FALSE,prep,pl,сп,сп,29,0
справедливость,8099,justice,справедли'вость,3,FALSE,acc,sg,сп,спр,83,0
справедливость,8099,justice,справедли'вости,3,FALSE,acc,pl,сп,спр,247,0
справедливость,8099,justice,справедли'вости,3,FALSE,prep,sg,сп,спр,247,0
справочник,1320,Reference,спра'вочнике,1,FALSE,prep,sg,сп,спр,72,0
справочник,1320,Reference,спра'вочниках,1,FALSE,prep,pl,сп,спр,45,0
сравнение,15162,comparison,сравне'ние,2,FALSE,acc,sg,ср,ср,86,0
сражение,6475,battle,сраже'ние,2,FALSE,acc,sg,ср,ср,129,0
сражение,6475,battle,сраже'нии,2,FALSE,prep,sg,ср,ср,367,1
сражение,6475,battle,сраже'ниях,2,FALSE,prep,pl,ср,ср,181,0
средство,51347,means,сре'дство,1,FALSE,acc,sg,ср,ср,67,0
средство,51347,means,сре'дства,1,FALSE,acc,pl,ср,ср,39,0
средство,51347,means,сре'дствах,1,FALSE,prep,pl,ср,ср,569,0
срыв,1183,stall,сры'ве,1,FALSE,prep,sg,ср,ср,27,0
стабильность,2352,stability,стаби'льности,2,FALSE,acc,pl,ст,ст,28,0
стабильность,2352,stability,стаби'льности,2,FALSE,prep,sg,ст,ст,28,0
ставень,1348,shutter,ста'вни,1,FALSE,acc,pl,ст,ст,22,0
стадий,5652,stages,ста'дии,1,FALSE,acc,pl,ст,ст,404,0
стадий,5652,stages,ста'дии,1,FALSE,prep,sg,ст,ст,404,0
стадо,4708,herd,ста'до,1,FALSE,acc,sg,ст,ст,113,0
стадо,4708,herd,ста'де,1,FALSE,prep,sg,ст,ст,116,0
стаж,1492,experience,ста'ж,1,TRUE,acc,sg,ст,ст,33,0
стакан,12116,glass,стака'н,2,FALSE,acc,sg,ст,ст,578,0
стакан,12116,glass,стака'ны,2,FALSE,acc,pl,ст,ст,103,0
стакан,12116,glass,стака'не,2,FALSE,prep,sg,ст,ст,357,0
стакан,12116,glass,стака'нах,2,FALSE,prep,pl,ст,ст,67,0
сталь,47100,Steel,ста'ль,1,TRUE,acc,sg,ст,ст,37,0
сталь,47100,Steel,ста'ли,1,FALSE,acc,pl,ст,ст,34,0
сталь,47100,Steel,ста'ли,1,FALSE,prep,sg,ст,ст,34,0
стан,7802,mill,ста'н,1,TRUE,acc,sg,ст,ст,264,0
стан,7802,mill,ста'не,1,FALSE,prep,sg,ст,ст,293,19
стандарт,4643,Standard,станда'рте,2,FALSE,prep,sg,ст,ст,45,0
становление,2046,becoming,становле'ние,3,FALSE,acc,sg,ст,ст,21,0
становление,2046,becoming,становле'нии,3,FALSE,prep,sg,ст,ст,187,0
станок,3570,machine,стано'к,2,FALSE,acc,sg,ст,ст,25,0
старик,39896,old man,старика',3,FALSE,acc,sg,ст,ст,27,0
старик,39896,old man,старике',3,FALSE,prep,sg,ст,ст,46,0
старость,6271,age,ста'рость,1,FALSE,acc,sg,ст,ст,27,0
старость,6271,age,ста'рости,1,FALSE,acc,pl,ст,ст,652,2
старость,6271,age,ста'рости,1,FALSE,prep,sg,ст,ст,652,2
старший,28905,Senior,ста'рших,1,FALSE,acc,pl,ст,ст,243,0
старший,28905,Senior,ста'ршем,1,FALSE,prep,sg,ст,ст,65,1
старший,28905,Senior,ста'рших,1,FALSE,prep,pl,ст,ст,243,0
старшой,6781,eldest,старши'х,2,FALSE,acc,pl,ст,ст,243,0
старшой,6781,eldest,старши'х,2,FALSE,prep,pl,ст,ст,243,0
статистик,4726,statistician,стати'стике,2,FALSE,prep,sg,ст,ст,81,0
статус,5315,status,ста'тус,1,FALSE,acc,sg,ст,ст,23,0
статус,5315,status,ста'тусе,1,FALSE,prep,sg,ст,ст,89,0
стационар,481,hospital,стациона'р,4,FALSE,acc,sg,ст,ст,57,0
стационар,481,hospital,стациона'ре,4,FALSE,prep,sg,ст,ст,97,0
ствол,7709,trunk,ство'л,1,TRUE,acc,sg,ст,ств,145,0
ствол,7709,trunk,стволы',2,FALSE,acc,pl,ст,ств,32,0
ствол,7709,trunk,стволе',2,FALSE,prep,sg,ст,ств,133,0
ствол,7709,trunk,ствола'х,2,FALSE,prep,pl,ст,ств,22,0
стебель,2090,stalk,сте'бле,1,FALSE,prep,sg,ст,ст,28,0
стекло,16767,glass,стекло',2,FALSE,acc,sg,ст,ст,318,0
стекло,16767,glass,стёкла,1,FALSE,acc,pl,ст,ст,116,0
стекло,16767,glass,стекле',2,FALSE,prep,sg,ст,ст,173,0
стекло,16767,glass,стёклах,1,FALSE,prep,pl,ст,ст,102,0
стен,43443,walls,сте'ны,1,FALSE,acc,pl,ст,ст,186,0
стен,43443,walls,сте'не,1,FALSE,prep,sg,ст,ст,748,0
стен,43443,walls,сте'нах,1,FALSE,prep,pl,ст,ст,950,0
степень,30019,degree,сте'пень,1,FALSE,acc,sg,ст,ст,65,0
степень,30019,degree,сте'пени,1,FALSE,acc,pl,ст,ст,191,0
степень,30019,degree,сте'пени,1,FALSE,prep,sg,ст,ст,191,0
степень,30019,degree,степеня'х,3,FALSE,prep,pl,ст,ст,21,0
стиль,12238,style,сти'ль,1,TRUE,acc,sg,ст,ст,35,0
стих,28166,verse,сти'х,1,TRUE,acc,sg,ст,ст,33,0
стих,28166,verse,сти'хи,1,FALSE,acc,pl,ст,ст,151,1
стих,28166,verse,сти'хе,1,FALSE,prep,sg,ст,ст,118,0
стих,28166,verse,сти'х,1,TRUE,acc,sg,ст,ст,33,0
стих,28166,verse,стихи',2,FALSE,acc,pl,ст,ст,151,1
стих,28166,verse,стихе',2,FALSE,prep,sg,ст,ст,118,0
стихотворение,7554,poem,стихотворе'нии,4,FALSE,prep,sg,ст,ст,398,0
стихотворение,7554,poem,стихотворе'ниях,4,FALSE,prep,pl,ст,ст,32,0
стоимость,10234,value,сто'имость,1,FALSE,acc,sg,ст,ст,127,0
стоимость,10234,value,сто'имости,1,FALSE,acc,pl,ст,ст,61,0
стоимость,10234,value,сто'имости,1,FALSE,prep,sg,ст,ст,61,0
стол,69888,table,сто'л,1,TRUE,acc,sg,ст,ст,492,0
стол,69888,table,столе',2,FALSE,prep,sg,ст,ст,256,0
стол,69888,table,стола'х,2,FALSE,prep,pl,ст,ст,24,0
столб,7085,column,сто'лб,1,TRUE,acc,sg,ст,ст,60,0
столбик,1039,column,сто'лбик,1,FALSE,acc,sg,ст,ст,30,0
столетие,7459,century,столе'тие,2,FALSE,acc,sg,ст,ст,92,0
столкновение,4317,collision,столкнове'ние,3,FALSE,acc,sg,ст,ст,54,0
столкновение,4317,collision,столкнове'нии,3,FALSE,prep,sg,ст,ст,104,0
столкновение,4317,collision,столкнове'ниях,3,FALSE,prep,pl,ст,ст,33,0
сторож,4243,guard,сторожа',3,FALSE,acc,pl,ст,ст,26,0
сторож,4243,guard,сто'рожа,1,FALSE,acc,sg,ст,ст,26,0
сторожок,585,cock,сторожке',3,FALSE,prep,sg,ст,ст,100,0
страдание,10802,suffering,страда'нии,2,FALSE,prep,sg,ст,стр,83,1
страдание,10802,suffering,страда'ниях,2,FALSE,prep,pl,ст,стр,91,8
страсть,15855,passion,стра'сть,1,TRUE,acc,sg,ст,стр,39,0
страсть,15855,passion,стра'сти,1,FALSE,acc,pl,ст,стр,59,6
страсть,15855,passion,стра'сти,1,FALSE,prep,sg,ст,стр,59,6
страсть,15855,passion,страстя'х,2,FALSE,prep,pl,ст,стр,53,0
стремление,11265,aspiration,стремле'нии,2,FALSE,prep,sg,ст,стр,445,0
строгость,2204,rigor,стро'гости,1,FALSE,acc,pl,ст,стр,74,0
строгость,2204,rigor,стро'гости,1,FALSE,prep,sg,ст,стр,74,0
строение,7644,structure,строе'нии,2,FALSE,prep,sg,ст,стр,228,0
строительство,16397,Construction,строи'тельство,2,FALSE,acc,sg,ст,стр,189,0
строительство,16397,Construction,строи'тельстве,2,FALSE,prep,sg,ст,стр,711,0
строй,12057,order,стро'й,1,TRUE,acc,sg,ст,стр,905,1
строй,12057,order,стро'е,1,FALSE,prep,sg,ст,стр,71,0
строчок,3580,strochok,строчка'х,2,FALSE,prep,pl,ст,стр,21,0
стул,15758,chair,сту'л,1,TRUE,acc,sg,ст,ст,42,0
стул,15758,chair,сту'ле,1,FALSE,prep,sg,ст,ст,22,0
стул,15758,chair,сту'л,1,TRUE,acc,sg,ст,ст,42,0
стул,15758,chair,сту'ле,1,FALSE,prep,sg,ст,ст,22,0
стыд,5305,shame,сты'д,1,TRUE,acc,sg,ст,ст,44,1
стыд,5305,shame,стыде',2,FALSE,prep,sg,ст,ст,30,2
сходство,4530,similarity,схо'дстве,1,FALSE,prep,sg,сх,сх,30,0
сценарий,5353,script,сцена'рий,2,FALSE,acc,sg,сц,сц,47,0
сценарий,5353,script,сцена'рии,2,FALSE,acc,pl,сц,сц,212,0
сценарий,5353,script,сцена'рии,2,FALSE,prep,sg,сц,сц,212,0
счастье,955,happiness,сча'стье,1,FALSE,acc,sg,сч,сч,136,4
счастье,955,happiness,сча'стье,1,FALSE,prep,sg,сч,сч,136,4
творение,4000,creation,творе'нии,2,FALSE,prep,sg,тв,тв,87,0
творение,4000,creation,творе'ниях,2,FALSE,prep,pl,тв,тв,80,0
творчество,13369,creation,тво'рчество,1,FALSE,acc,sg,тв,тв,42,0
творчество,13369,creation,тво'рчестве,1,FALSE,prep,sg,тв,тв,754,0
ткань,7838,tissue,тка'нь,1,TRUE,acc,sg,тк,тк,88,0
ткань,7838,tissue,тка'ни,1,FALSE,acc,pl,тк,тк,91,0
ткань,7838,tissue,тка'ни,1,FALSE,prep,sg,тк,тк,91,0
ткань,7838,tissue,тка'нях,1,FALSE,prep,pl,тк,тк,171,0
трактат,1965,treatise,тракта'те,2,FALSE,prep,sg,тр,тр,104,0
трактир,3169,inn,тракти'р,2,FALSE,acc,sg,тр,тр,422,0
трактир,3169,inn,тракти'ре,2,FALSE,prep,sg,тр,тр,667,0
трактир,3169,inn,тракти'рах,2,FALSE,prep,pl,тр,тр,139,0
трамвай,4560,tram,трамва'й,2,FALSE,acc,sg,тр,тр,208,0
трамвай,4560,tram,трамва'е,2,FALSE,prep,sg,тр,тр,492,0
трамвай,4560,tram,трамва'ях,2,FALSE,prep,pl,тр,тр,71,0
транспорт,7579,Transport,тра'нспорте,1,FALSE,prep,sg,тр,тр,109,0
транспорт,7579,Transport,транспо'рте,2,FALSE,prep,sg,тр,тр,109,0
требование,23547,requirement,тре'бовании,1,FALSE,prep,sg,тр,тр,70,0
требование,23547,requirement,тре'бованиях,1,FALSE,prep,pl,тр,тр,48,0
трест,1321,trust,тре'ст,1,TRUE,acc,sg,тр,тр,31,0
трест,1321,trust,тре'сте,1,FALSE,prep,sg,тр,тр,78,0
треть,6217,third,тре'ть,1,TRUE,acc,sg,тр,тр,23,0
треугольник,2763,triangle,треуго'льник,3,FALSE,acc,sg,тр,тр,25,0
треугольник,2763,triangle,треуго'льнике,3,FALSE,prep,sg,тр,тр,127,0
трибунал,1139,tribunal,трибуна'л,3,FALSE,acc,sg,тр,тр,42,0
троллейбус,1413,trolleybus,тролле'йбус,2,FALSE,acc,sg,тр,тр,85,0
троллейбус,1413,trolleybus,тролле'йбусе,2,FALSE,prep,sg,тр,тр,175,0
троллейбус,1413,trolleybus,тролле'йбусах,2,FALSE,prep,pl,тр,тр,22,0
тростник,908,reed,тростника'х,3,FALSE,prep,pl,тр,тр,30,0
труд,51142,labor,тру'д,1,TRUE,acc,sg,тр,тр,50,0
труд,51142,labor,труде',2,FALSE,prep,sg,тр,тр,475,0
труд,51142,labor,труда'х,2,FALSE,prep,pl,тр,тр,434,5
трудность,7897,difficulty,тру'дности,1,FALSE,acc,pl,тр,тр,31,0
трудность,7897,difficulty,тру'дности,1,FALSE,prep,sg,тр,тр,31,0
труп,7954,corpse,тру'пе,1,FALSE,prep,sg,тр,тр,22,0
трус,3540,coward,тру'сы,1,FALSE,acc,pl,тр,тр,35,0
трус,3540,coward,тру'сах,1,FALSE,prep,pl,тр,тр,237,0
трусик,578,dick,тру'сиках,1,FALSE,prep,pl,тр,тр,57,0
трусость,1211,cowardice,тру'сости,1,FALSE,acc,pl,тр,тр,73,0
трусость,1211,cowardice,тру'сости,1,FALSE,prep,sg,тр,тр,73,0
фланг,5036,flank,фла'нг,1,TRUE,acc,sg,фл,фл,1,275
флигель,2284,wing,фли'гель,1,FALSE,acc,sg,фл,фл,12,139
флигель,2284,wing,фли'геле,1,FALSE,prep,sg,фл,фл,2,232
флигель,2284,wing,фли'гель,1,FALSE,acc,sg,фл,фл,12,139
флигель,2284,wing,фли'геле,1,FALSE,prep,sg,фл,фл,2,232
флот,9417,fleet,фло'т,1,TRUE,acc,sg,фл,фл,0,71
флот,9417,fleet,фло'те,1,FALSE,prep,sg,фл,фл,0,269
флот,9417,fleet,фло'т,1,TRUE,acc,sg,фл,фл,0,71
флот,9417,fleet,фло'те,1,FALSE,prep,sg,фл,фл,0,269
фрак,2623,tails,фра'к,1,TRUE,acc,sg,фр,фр,0,52
фрак,2623,tails,фра'ке,1,FALSE,prep,sg,фр,фр,6,539
фрак,2623,tails,фра'ках,1,FALSE,prep,pl,фр,фр,0,181
фронт,23956,front,фро'нт,1,TRUE,acc,sg,фр,фр,0,194
фронт,23956,front,фро'нте,1,FALSE,prep,sg,фр,фр,0,82
хвост,10771,tail,хво'ст,1,TRUE,acc,sg,хв,хв,280,0
хвост,10771,tail,хвосте',2,FALSE,prep,sg,хв,хв,397,2
хвост,10771,tail,хвоста'х,2,FALSE,prep,pl,хв,хв,27,0
хлеб,28104,bread,хле'б,1,TRUE,acc,sg,хл,хл,68,0
хлеб,28104,bread,хлеба',2,FALSE,acc,pl,хл,хл,24,0
хлеб,28104,bread,хле'бе,1,FALSE,prep,sg,хл,хл,142,0
хлеб,28104,bread,хлеба'х,2,FALSE,prep,pl,хл,хл,36,0
хлеб,28104,bread,хле'б,1,TRUE,acc,sg,хл,хл,68,0
хлеб,28104,bread,хле'бы,1,FALSE,acc,pl,хл,хл,27,0
хлеб,28104,bread,хле'бе,1,FALSE,prep,sg,хл,хл,142,0
хлеб,28104,bread,хле'бах,1,FALSE,prep,pl,хл,хл,36,0
храбрость,2320,courage,хра'брости,1,FALSE,acc,pl,хр,хр,34,0
храбрость,2320,courage,хра'брости,1,FALSE,prep,sg,хр,хр,34,0
храм,15431,temple,хра'м,1,TRUE,acc,sg,хр,хр,878,125
храм,15431,temple,хра'мы,1,FALSE,acc,pl,хр,хр,65,7
храм,15431,temple,хра'мах,1,FALSE,prep,pl,хр,хр,196,28
хранение,4417,storage,хране'нии,2,FALSE,prep,sg,хр,хр,45,1
хранилище,1053,repository,храни'лище,2,FALSE,acc,sg,хр,хр,109,0
хранилище,1053,repository,храни'лище,2,FALSE,prep,sg,хр,хр,109,0
хребет,4073,ridge,хребте',2,FALSE,prep,sg,хр,хр,34,0
христианство,6208,Christianity,христиа'нство,3,FALSE,acc,sg,хр,хр,140,1
христианство,6208,Christianity,христиа'нстве,3,FALSE,prep,sg,хр,хр,341,1
хрусталь,838,crystal,хрустале',3,FALSE,prep,sg,хр,хр,23,0
цвет,31175,color,цве'т,1,TRUE,acc,sg,цв,цв,146,0
цвет,31175,color,цвета',2,FALSE,acc,pl,цв,цв,41,0
цвет,31175,color,цве'те,1,FALSE,prep,sg,цв,цв,194,61
цвет,31175,color,цвета'х,2,FALSE,prep,pl,цв,цв,260,0
цвет,31175,color,цве'т,1,TRUE,acc,sg,цв,цв,146,0
цвет,31175,color,цве'ты,1,FALSE,acc,pl,цв,цв,39,0
цвет,31175,color,цве'те,1,FALSE,prep,sg,цв,цв,194,61
цвет,31175,color,цве'тах,1,FALSE,prep,pl,цв,цв,260,0
цветок,22483,flower,цвето'к,2,FALSE,acc,sg,цв,цв,31,0
цветок,22483,flower,цветке',2,FALSE,prep,sg,цв,цв,32,0
цветок,22483,flower,цвето'к,2,FALSE,acc,sg,цв,цв,31,0
цветок,22483,flower,цветы',2,FALSE,acc,pl,цв,цв,39,0
цветок,22483,flower,цветке',2,FALSE,prep,sg,цв,цв,32,0
цветок,22483,flower,цвета'х,2,FALSE,prep,pl,цв,цв,260,0
цветочек,1424,floret,цвето'чек,2,FALSE,acc,sg,цв,цв,41,0
цветочек,1424,floret,цвето'чках,2,FALSE,prep,pl,цв,цв,28,0
член,37184,Member,чле'ны,1,FALSE,acc,pl,чл,чл,617,0
член,37184,Member,чле'нах,1,FALSE,prep,pl,чл,чл,55,0
чтение,11490,reading,чте'ние,1,FALSE,acc,sg,чт,чт,242,0
чтение,11490,reading,чте'нии,1,FALSE,prep,sg,чт,чт,261,1
шкафчик,636,cabinet,шка'фчик,1,FALSE,acc,sg,шк,шк,29,0
шкафчик,636,cabinet,шка'фчике,1,FALSE,prep,sg,шк,шк,54,0
шлем,2330,helmet,шле'ме,1,FALSE,prep,sg,шл,шл,105,0
шлем,2330,helmet,шле'мах,1,FALSE,prep,pl,шл,шл,57,0
шпионаж,766,espionage,шпиона'же,3,FALSE,prep,sg,шп,шп,205,0
шрам,1373,scar,шра'мах,1,FALSE,prep,pl,шр,шр,39,0
штаб,18153,headquarters,шта'бы,1,FALSE,acc,pl,шт,шт,23,0
штаб,18153,headquarters,шта'бах,1,FALSE,prep,pl,шт,шт,127,0
штаб,18153,headquarters,штабы',2,FALSE,acc,pl,шт,шт,23,0
штаб,18153,headquarters,штаба'х,2,FALSE,prep,pl,шт,шт,127,0
штабель,618,pile,шта'бель,1,FALSE,acc,sg,шт,шт,21,0
штабель,618,pile,штабеля',3,FALSE,acc,pl,шт,шт,36,0
штат,7914,staff,шта'т,1,TRUE,acc,sg,шт,шт,194,0
штат,7914,staff,шта'ты,1,FALSE,acc,pl,шт,шт,169,0
штат,7914,staff,шта'те,1,FALSE,prep,sg,шт,шт,568,0
штат,7914,staff,шта'тах,1,FALSE,prep,pl,шт,шт,403,0
штопор,390,corkscrew,што'пор,1,FALSE,acc,sg,шт,шт,60,0
шторм,1496,storm,што'рм,1,TRUE,acc,sg,шт,шт,97,0
штурм,2443,assault,шту'рме,1,FALSE,prep,sg,шт,шт,50,0
штык,3177,bayonet,штыки',2,FALSE,acc,pl,шт,шт,353,0
